-- MySQL dump 10.13  Distrib 5.5.40, for debian-linux-gnu (x86_64)
--
-- Host: localhost    Database: cunm
-- ------------------------------------------------------
-- Server version	5.5.40-0ubuntu0.14.04.1

/*!40101 SET @OLD_CHARACTER_SET_CLIENT=@@CHARACTER_SET_CLIENT */;
/*!40101 SET @OLD_CHARACTER_SET_RESULTS=@@CHARACTER_SET_RESULTS */;
/*!40101 SET @OLD_COLLATION_CONNECTION=@@COLLATION_CONNECTION */;
/*!40101 SET NAMES utf8 */;
/*!40103 SET @OLD_TIME_ZONE=@@TIME_ZONE */;
/*!40103 SET TIME_ZONE='+00:00' */;
/*!40014 SET @OLD_UNIQUE_CHECKS=@@UNIQUE_CHECKS, UNIQUE_CHECKS=0 */;
/*!40014 SET @OLD_FOREIGN_KEY_CHECKS=@@FOREIGN_KEY_CHECKS, FOREIGN_KEY_CHECKS=0 */;
/*!40101 SET @OLD_SQL_MODE=@@SQL_MODE, SQL_MODE='NO_AUTO_VALUE_ON_ZERO' */;
/*!40111 SET @OLD_SQL_NOTES=@@SQL_NOTES, SQL_NOTES=0 */;

--
-- Table structure for table `area`
--

DROP TABLE IF EXISTS `area`;
/*!40101 SET @saved_cs_client     = @@character_set_client */;
/*!40101 SET character_set_client = utf8 */;
CREATE TABLE `area` (
  `id` int(11) NOT NULL AUTO_INCREMENT,
  `name` varchar(45) DEFAULT NULL,
  PRIMARY KEY (`id`)
) ENGINE=InnoDB AUTO_INCREMENT=4 DEFAULT CHARSET=utf8;
/*!40101 SET character_set_client = @saved_cs_client */;

--
-- Dumping data for table `area`
--

LOCK TABLES `area` WRITE;
/*!40000 ALTER TABLE `area` DISABLE KEYS */;
INSERT INTO `area` VALUES (1,'Urban'),(2,'Rural'),(3,'Industrial');
/*!40000 ALTER TABLE `area` ENABLE KEYS */;
UNLOCK TABLES;

--
-- Table structure for table `asset_group`
--

DROP TABLE IF EXISTS `asset_group`;
/*!40101 SET @saved_cs_client     = @@character_set_client */;
/*!40101 SET character_set_client = utf8 */;
CREATE TABLE `asset_group` (
  `id` int(11) NOT NULL AUTO_INCREMENT,
  `name` varchar(45) DEFAULT NULL,
  PRIMARY KEY (`id`)
) ENGINE=InnoDB AUTO_INCREMENT=5 DEFAULT CHARSET=utf8;
/*!40101 SET character_set_client = @saved_cs_client */;

--
-- Dumping data for table `asset_group`
--

LOCK TABLES `asset_group` WRITE;
/*!40000 ALTER TABLE `asset_group` DISABLE KEYS */;
INSERT INTO `asset_group` VALUES (1,'&lt; 100,000'),(2,'100,101 - 500,000'),(3,'500,001 - 1,000,000'),(4,'< 1,000,001');
/*!40000 ALTER TABLE `asset_group` ENABLE KEYS */;
UNLOCK TABLES;

--
-- Table structure for table `balancesheet`
--

DROP TABLE IF EXISTS `balancesheet`;
/*!40101 SET @saved_cs_client     = @@character_set_client */;
/*!40101 SET character_set_client = utf8 */;
CREATE TABLE `balancesheet` (
  `id` int(11) NOT NULL AUTO_INCREMENT,
  `sort_order` int(11) DEFAULT NULL,
  `group_id` int(11) DEFAULT NULL,
  `sub_group_id` int(11) DEFAULT NULL,
  `name` varchar(100) DEFAULT NULL,
  `total` int(11) NOT NULL DEFAULT '0',
  `bold` int(11) NOT NULL DEFAULT '0',
  `formula` varchar(30) NOT NULL,
  PRIMARY KEY (`id`)
) ENGINE=InnoDB AUTO_INCREMENT=41 DEFAULT CHARSET=utf8;
/*!40101 SET character_set_client = @saved_cs_client */;

--
-- Dumping data for table `balancesheet`
--

LOCK TABLES `balancesheet` WRITE;
/*!40000 ALTER TABLE `balancesheet` DISABLE KEYS */;
INSERT INTO `balancesheet` VALUES (6,1,5,4,'Non-Earning Liquid Assets',0,0,''),(7,2,5,4,'Liquid Investments (Short-Term Investment)',0,0,''),(8,3,5,4,'Liquidity Reserves',1,1,'6,7'),(9,1,5,5,'Loans Receivable - Current',0,0,''),(10,1,5,6,'Loan Receivable - Restructured',0,0,''),(11,2,5,6,'Loan Receivable - Past Due for 1-12 Months',0,0,''),(12,3,5,6,'Total Loan Delinquent (1-12 Months)\n',1,1,'10,11'),(13,1,5,7,'Loan Receivable - Past Due for >12 Months',0,0,''),(14,2,5,7,'Loan Receivable - Loans in Litigation',0,0,''),(15,3,5,7,'Total Loan Delinquent (>12 Months)',1,1,'13,14'),(16,4,5,7,'Total Loan Delinquency',1,1,'10,11,13,14'),(17,5,5,7,'Total Loan Portfolio',1,1,'10,11,13,14,9'),(18,2,5,8,'Allowance for Probable Losses on Loans - >12 Months',0,0,''),(19,1,5,8,'Allowance for Probable Losses on Loans - 1 to 12 Months',0,0,''),(20,3,5,8,'Total Provision for Doubtful Loans',1,0,'18,19'),(21,4,5,8,'Net Loans Outstanding',1,0,'[10,11,13,14,9],[18,19]'),(22,1,5,9,'Financial Investments',0,0,''),(23,2,5,9,'Non-Financial Investments',0,0,''),(24,3,5,9,'Total Investments',1,1,'22,23'),(25,4,5,9,'Non-Earning Assets',1,0,''),(27,5,5,9,'Problem Assets',1,0,''),(28,6,5,9,'Total Assets',2,1,'21,6,7,22,23,25,27'),(29,1,6,10,'Non-Interest Bearing Liabilities & Short-Term Payables',0,0,''),(30,2,6,10,'Non-Interest Bearing Liabilities - Non-Short-Term Payables',0,0,''),(31,3,6,10,'Total Non-Interest Bearing Liabilities',1,1,'29,30'),(32,1,6,11,'Loans Payable - Short Term',0,0,''),(33,2,6,11,'Loans Payable - Long Term',0,0,''),(34,3,6,11,'Total External Credit ',1,1,'32,33'),(35,4,6,11,'Total Liabilities',2,1,'31,34'),(36,1,7,12,'Member Share Capital',0,0,''),(37,2,7,12,'Total Institutional Capital',0,0,''),(38,3,7,12,'Transitory Capital',0,0,''),(39,4,7,12,'Total Equities',2,1,'36,37,38'),(40,5,7,12,'Total Liabilities & Equities',2,1,'39,35');
/*!40000 ALTER TABLE `balancesheet` ENABLE KEYS */;
UNLOCK TABLES;

--
-- Table structure for table `balancesheet_group`
--

DROP TABLE IF EXISTS `balancesheet_group`;
/*!40101 SET @saved_cs_client     = @@character_set_client */;
/*!40101 SET character_set_client = utf8 */;
CREATE TABLE `balancesheet_group` (
  `id` int(11) NOT NULL AUTO_INCREMENT,
  `sort_order` int(11) DEFAULT NULL,
  `name` varchar(100) DEFAULT NULL,
  PRIMARY KEY (`id`)
) ENGINE=InnoDB AUTO_INCREMENT=8 DEFAULT CHARSET=utf8;
/*!40101 SET character_set_client = @saved_cs_client */;

--
-- Dumping data for table `balancesheet_group`
--

LOCK TABLES `balancesheet_group` WRITE;
/*!40000 ALTER TABLE `balancesheet_group` DISABLE KEYS */;
INSERT INTO `balancesheet_group` VALUES (5,NULL,'Assets'),(6,NULL,'Liabilities'),(7,NULL,'Equities');
/*!40000 ALTER TABLE `balancesheet_group` ENABLE KEYS */;
UNLOCK TABLES;

--
-- Table structure for table `balancesheet_sub_group`
--

DROP TABLE IF EXISTS `balancesheet_sub_group`;
/*!40101 SET @saved_cs_client     = @@character_set_client */;
/*!40101 SET character_set_client = utf8 */;
CREATE TABLE `balancesheet_sub_group` (
  `id` int(11) NOT NULL AUTO_INCREMENT,
  `group_id` int(11) DEFAULT NULL,
  `sort_order` int(11) DEFAULT NULL,
  `name` varchar(100) DEFAULT NULL,
  PRIMARY KEY (`id`)
) ENGINE=InnoDB AUTO_INCREMENT=13 DEFAULT CHARSET=utf8;
/*!40101 SET character_set_client = @saved_cs_client */;

--
-- Dumping data for table `balancesheet_sub_group`
--

LOCK TABLES `balancesheet_sub_group` WRITE;
/*!40000 ALTER TABLE `balancesheet_sub_group` DISABLE KEYS */;
INSERT INTO `balancesheet_sub_group` VALUES (4,5,NULL,'Liquidity'),(5,5,NULL,'Loan Outstanding'),(6,5,NULL,'Loan Delinquent (1-12 Months)'),(7,5,NULL,'Loan Delinquent (>12 Months)'),(8,5,NULL,'Allowance for Probable Losses on Loans'),(9,5,NULL,'Investments'),(10,6,NULL,'Savings Deposits'),(11,6,NULL,'External Credit'),(12,7,NULL,'Equities');
/*!40000 ALTER TABLE `balancesheet_sub_group` ENABLE KEYS */;
UNLOCK TABLES;

--
-- Table structure for table `chapter`
--

DROP TABLE IF EXISTS `chapter`;
/*!40101 SET @saved_cs_client     = @@character_set_client */;
/*!40101 SET character_set_client = utf8 */;
CREATE TABLE `chapter` (
  `id` int(11) NOT NULL AUTO_INCREMENT,
  `name` varchar(100) DEFAULT NULL,
  `federation_id` int(11) NOT NULL,
  PRIMARY KEY (`id`)
) ENGINE=InnoDB AUTO_INCREMENT=7 DEFAULT CHARSET=latin1;
/*!40101 SET character_set_client = @saved_cs_client */;

--
-- Dumping data for table `chapter`
--

LOCK TABLES `chapter` WRITE;
/*!40000 ALTER TABLE `chapter` DISABLE KEYS */;
INSERT INTO `chapter` VALUES (1,'Bangkok',1),(2,'Northern',2),(3,'North-Eastern',2),(4,'Petchburi',2),(5,'Central',2),(6,'Southern',2);
/*!40000 ALTER TABLE `chapter` ENABLE KEYS */;
UNLOCK TABLES;

--
-- Table structure for table `country`
--

DROP TABLE IF EXISTS `country`;
/*!40101 SET @saved_cs_client     = @@character_set_client */;
/*!40101 SET character_set_client = utf8 */;
CREATE TABLE `country` (
  `id` int(11) NOT NULL AUTO_INCREMENT,
  `name` varchar(100) DEFAULT NULL,
  `currency` char(3) NOT NULL,
  PRIMARY KEY (`id`)
) ENGINE=InnoDB AUTO_INCREMENT=27 DEFAULT CHARSET=latin1;
/*!40101 SET character_set_client = @saved_cs_client */;

--
-- Dumping data for table `country`
--

LOCK TABLES `country` WRITE;
/*!40000 ALTER TABLE `country` DISABLE KEYS */;
INSERT INTO `country` VALUES (0,'Global (No Country Specific)',''),(1,'Thailand','THB'),(4,'Bangladesh','BDT'),(6,'Indonesia','IDR'),(7,'Philippines','PHP'),(8,'India','INR'),(9,'Korea','KRW'),(10,'Nepal','NPR'),(11,'Sri Lanka','LKR'),(12,'Taiwan R.O.C.','TWD'),(13,'Vietnam','VND'),(14,'Cambodia','KHR'),(16,'Hong Kong','HKD'),(17,'Japan','JPY'),(18,'Mauritius','MUR'),(19,'Mongolia','MNT'),(20,'Papua New Guinea','PGK'),(21,'Russia','RUB'),(22,'Singapore','SGD'),(23,'Myanmar','MMK'),(24,'Malaysia','MYR'),(25,'Pakistan','PKR'),(26,'Timor Leste','USD');
/*!40000 ALTER TABLE `country` ENABLE KEYS */;
UNLOCK TABLES;

--
-- Table structure for table `federation`
--

DROP TABLE IF EXISTS `federation`;
/*!40101 SET @saved_cs_client     = @@character_set_client */;
/*!40101 SET character_set_client = utf8 */;
CREATE TABLE `federation` (
  `id` int(11) NOT NULL AUTO_INCREMENT,
  `name` varchar(100) DEFAULT NULL,
  `country_id` int(11) DEFAULT NULL,
  PRIMARY KEY (`id`)
) ENGINE=InnoDB AUTO_INCREMENT=32 DEFAULT CHARSET=latin1;
/*!40101 SET character_set_client = @saved_cs_client */;

--
-- Dumping data for table `federation`
--

LOCK TABLES `federation` WRITE;
/*!40000 ALTER TABLE `federation` DISABLE KEYS */;
INSERT INTO `federation` VALUES (0,'No Federation',0),(1,'FSCT',1),(2,'CULT',1),(3,'CCULB',4),(4,'CUCO',6),(5,'PFCCO',7),(6,'NATCCO',7),(8,'MAFCOCS',8),(9,'MAFCOCS',5),(10,'NACUFOK',9),(11,'NEFSCUN',10),(12,'SANASA',11),(13,'CULROC',12),(14,'CBV',13),(15,'CCSF',14),(16,'CULHK',16),(17,'DPG',8),(18,'RILB',17),(19,'VPMPCS',18),(20,'MOCCU',19),(21,'CARD MRI',7),(22,'FESALOS',20),(23,'IACUFEZ',21),(24,'SNCF',22),(25,'U-LIFE',1),(26,'CCS',23),(27,'ACCUM',24),(28,'FICS',25),(29,'FCCHM',26),(30,'NCBL',10),(31,'WCCS',24);
/*!40000 ALTER TABLE `federation` ENABLE KEYS */;
UNLOCK TABLES;

--
-- Table structure for table `is`
--

DROP TABLE IF EXISTS `is`;
/*!40101 SET @saved_cs_client     = @@character_set_client */;
/*!40101 SET character_set_client = utf8 */;
CREATE TABLE `is` (
  `id` int(11) NOT NULL AUTO_INCREMENT,
  `sort_order` int(11) DEFAULT NULL,
  `group_id` int(11) DEFAULT NULL,
  `sub_group_id` int(11) DEFAULT NULL,
  `name` varchar(100) DEFAULT NULL,
  `total` int(11) NOT NULL DEFAULT '0',
  `bold` int(11) NOT NULL DEFAULT '0',
  `formula` varchar(30) NOT NULL,
  PRIMARY KEY (`id`)
) ENGINE=InnoDB AUTO_INCREMENT=38 DEFAULT CHARSET=utf8;
/*!40101 SET character_set_client = @saved_cs_client */;

--
-- Dumping data for table `is`
--

LOCK TABLES `is` WRITE;
/*!40000 ALTER TABLE `is` DISABLE KEYS */;
INSERT INTO `is` VALUES (6,1,5,4,'Loan Income',0,0,''),(7,2,5,4,'Less: Insurance Premiums Paid on Loans',0,0,''),(8,3,5,4,'Gross Loan Income',1,0,'[6],[7]'),(9,1,5,5,'Total Liquid Investment Income',0,0,''),(10,2,5,5,'Total Financial Investment Income',0,0,''),(11,3,5,5,'Income from Non-Financial Investments',0,0,''),(12,4,5,5,'Total Gross Income',1,1,'8,9,10,11'),(13,1,6,6,'Interest Cost on Savings Deposits',0,0,''),(14,2,6,6,'Interest Cost on External Credit ',0,0,''),(15,3,6,6,'Total Financial Costs Excluding Interest Cost on Shares',1,1,'13,14'),(16,4,6,6,'Gross Income Margin',1,1,'[12],[15]'),(17,1,7,7,'Personnel',0,0,''),(18,2,7,7,'Governance',0,0,''),(19,3,7,7,'Marketing',0,0,''),(20,4,7,7,'Depreciation',0,0,''),(21,5,7,7,'Administration',0,0,''),(22,6,7,7,'Total Operating Expenses before Probable Loss on Delinquent Loans',1,1,'17,18,19,20,21'),(23,7,7,7,'Provision for Probable Losses on Loans',0,0,''),(24,8,7,7,'Total Operating Expenses',1,1,'22,23'),(25,9,7,7,'Net Income Before other Income/Expense',1,1,'[16],[24]'),(26,10,7,7,'Other Income/Expense',0,0,''),(27,11,7,7,'Net Income',2,1,'25,26'),(28,1,8,8,'General Reserve Fund',0,0,''),(29,2,8,8,'Interest Cost on Shares',0,0,''),(30,3,8,8,'Patronage Refund',0,0,''),(31,4,8,8,'Other Statutory Accounts',0,0,''),(32,5,8,8,'Undivided Net Income',0,0,''),(33,6,8,8,'Total',2,1,'28,29,30,31,32'),(34,1,9,9,'Total Charge Off Delinquent Loans',0,0,''),(35,2,9,9,'Quarterly Loan Charge Offs',0,0,''),(36,3,9,9,'Accumulated Loan Recoveries',0,0,''),(37,4,9,9,'Accumulated Loan Charge Offs',0,0,'');
/*!40000 ALTER TABLE `is` ENABLE KEYS */;
UNLOCK TABLES;

--
-- Table structure for table `is_group`
--

DROP TABLE IF EXISTS `is_group`;
/*!40101 SET @saved_cs_client     = @@character_set_client */;
/*!40101 SET character_set_client = utf8 */;
CREATE TABLE `is_group` (
  `id` int(11) NOT NULL AUTO_INCREMENT,
  `sort_order` int(11) DEFAULT NULL,
  `name` varchar(100) DEFAULT NULL,
  PRIMARY KEY (`id`)
) ENGINE=InnoDB AUTO_INCREMENT=10 DEFAULT CHARSET=utf8;
/*!40101 SET character_set_client = @saved_cs_client */;

--
-- Dumping data for table `is_group`
--

LOCK TABLES `is_group` WRITE;
/*!40000 ALTER TABLE `is_group` DISABLE KEYS */;
INSERT INTO `is_group` VALUES (5,NULL,'Income'),(6,NULL,'Financial Costs'),(7,NULL,'Operating Expenses'),(8,NULL,'Allocation of Net Income'),(9,NULL,'Other');
/*!40000 ALTER TABLE `is_group` ENABLE KEYS */;
UNLOCK TABLES;

--
-- Table structure for table `is_sub_group`
--

DROP TABLE IF EXISTS `is_sub_group`;
/*!40101 SET @saved_cs_client     = @@character_set_client */;
/*!40101 SET character_set_client = utf8 */;
CREATE TABLE `is_sub_group` (
  `id` int(11) NOT NULL AUTO_INCREMENT,
  `group_id` int(11) DEFAULT NULL,
  `sort_order` int(11) DEFAULT NULL,
  `name` varchar(100) DEFAULT NULL,
  PRIMARY KEY (`id`)
) ENGINE=InnoDB AUTO_INCREMENT=10 DEFAULT CHARSET=utf8;
/*!40101 SET character_set_client = @saved_cs_client */;

--
-- Dumping data for table `is_sub_group`
--

LOCK TABLES `is_sub_group` WRITE;
/*!40000 ALTER TABLE `is_sub_group` DISABLE KEYS */;
INSERT INTO `is_sub_group` VALUES (4,5,NULL,'Loan'),(5,5,NULL,'Investment'),(6,6,NULL,'Financial Costs'),(7,7,NULL,'Operating Expenses'),(8,8,NULL,'Allocation of Net Income'),(9,9,NULL,'Other');
/*!40000 ALTER TABLE `is_sub_group` ENABLE KEYS */;
UNLOCK TABLES;

--
-- Table structure for table `primary_union`
--

DROP TABLE IF EXISTS `primary_union`;
/*!40101 SET @saved_cs_client     = @@character_set_client */;
/*!40101 SET character_set_client = utf8 */;
CREATE TABLE `primary_union` (
  `id` int(11) NOT NULL AUTO_INCREMENT,
  `name` varchar(100) DEFAULT NULL,
  `federation_id` int(11) NOT NULL,
  `chapter_id` int(11) NOT NULL,
  PRIMARY KEY (`id`)
) ENGINE=InnoDB AUTO_INCREMENT=9 DEFAULT CHARSET=latin1;
/*!40101 SET character_set_client = @saved_cs_client */;

--
-- Dumping data for table `primary_union`
--

LOCK TABLES `primary_union` WRITE;
/*!40000 ALTER TABLE `primary_union` DISABLE KEYS */;
INSERT INTO `primary_union` VALUES (0,'No Primary CU',0,0),(1,'Farmers Credit Union in Bangkapi',1,1),(2,'St. Peter Credit Union, Nakornpathom',1,0),(3,'KU SACCO, Bangkok',1,0),(4,'Soon Klang Theva CU, Bangkok',2,0),(5,'Poo Kang Poon Sub CU, Chiang Rai',2,0),(6,'Police Hospital SACCO',1,1),(7,'Air Force SACCO',1,1),(8,'Testing CU, Bangkok',2,5);
/*!40000 ALTER TABLE `primary_union` ENABLE KEYS */;
UNLOCK TABLES;

--
-- Table structure for table `pu_age`
--

DROP TABLE IF EXISTS `pu_age`;
/*!40101 SET @saved_cs_client     = @@character_set_client */;
/*!40101 SET character_set_client = utf8 */;
CREATE TABLE `pu_age` (
  `id` int(11) NOT NULL AUTO_INCREMENT,
  `primary_union_id` int(11) DEFAULT NULL,
  `pu_datasheet_id` int(11) DEFAULT NULL,
  `area_id` int(11) DEFAULT NULL,
  `gender_id` int(11) NOT NULL,
  `group1` int(11) DEFAULT NULL,
  `group2` int(11) DEFAULT NULL,
  `group3` int(11) DEFAULT NULL,
  `group4` int(11) DEFAULT NULL,
  PRIMARY KEY (`id`)
) ENGINE=InnoDB AUTO_INCREMENT=662 DEFAULT CHARSET=utf8;
/*!40101 SET character_set_client = @saved_cs_client */;

--
-- Dumping data for table `pu_age`
--

LOCK TABLES `pu_age` WRITE;
/*!40000 ALTER TABLE `pu_age` DISABLE KEYS */;
INSERT INTO `pu_age` VALUES (24,4,2,2,0,100,100,100,50),(25,4,2,3,0,350,100,50,50),(26,1,4,1,0,0,0,0,0),(27,1,4,2,0,0,0,0,0),(42,1,5,1,1,2,2,2,2),(43,1,5,1,2,100,1,2,3),(44,1,5,2,1,2,2,2,2),(45,1,5,2,2,2,2,2,3),(118,1,6,1,1,50,75,75,50),(119,1,6,1,2,100,200,150,50),(120,1,6,2,1,100,150,50,50),(121,1,6,2,2,150,250,100,50),(194,1,13,1,1,62,83,80,50),(195,1,13,1,2,105,210,150,50),(196,1,13,2,1,110,148,57,45),(197,1,13,2,2,160,255,105,50),(198,1,1,1,1,0,0,0,0),(199,1,1,1,2,0,0,0,0),(200,1,1,2,1,0,0,0,0),(201,1,1,2,2,0,0,0,0),(250,7,15,1,1,500,750,750,500),(251,7,15,1,2,1000,2000,1500,500),(252,7,15,2,1,1000,1500,500,500),(253,7,15,2,2,1500,2500,1000,500),(278,7,16,1,1,650,900,800,500),(279,7,16,1,2,1100,2220,1500,500),(280,7,16,2,1,1050,1540,520,500),(281,7,16,2,2,1530,2560,1030,500),(306,7,17,1,1,690,920,810,500),(307,7,17,1,2,1130,2240,1510,500),(308,7,17,2,1,1090,1560,530,500),(309,7,17,2,2,1550,2590,1030,500),(330,6,18,1,1,200,500,450,350),(331,6,18,1,2,250,500,600,400),(332,6,18,2,1,200,650,500,450),(333,6,18,2,2,300,600,700,500),(354,6,19,1,1,210,515,455,350),(355,6,19,1,2,270,530,625,405),(356,6,19,2,1,235,665,520,450),(357,6,19,2,2,330,620,705,500),(386,6,20,1,1,215,520,460,350),(387,6,20,1,2,280,535,630,405),(388,6,20,2,1,240,670,520,450),(389,6,20,2,2,340,630,710,500),(394,1,9,1,1,50,75,75,50),(395,1,9,1,2,100,200,150,50),(396,1,9,2,1,100,150,50,50),(397,1,9,2,2,150,250,100,50),(398,1,11,1,1,60,80,80,50),(399,1,11,1,2,100,205,150,50),(400,1,11,2,1,107,148,55,45),(401,1,11,2,2,150,255,105,50),(426,4,21,1,1,10,45,30,15),(427,4,21,1,2,25,60,35,30),(428,4,21,3,1,30,70,30,20),(429,4,21,3,2,40,80,40,10),(454,4,22,1,1,15,55,30,15),(455,4,22,1,2,25,65,40,30),(456,4,22,3,1,35,75,35,20),(457,4,22,3,2,40,85,45,10),(482,4,23,1,1,15,45,45,15),(483,4,23,1,2,25,65,45,30),(484,4,23,3,1,45,75,35,20),(485,4,23,3,2,40,90,50,10),(514,5,24,1,1,30,70,60,20),(515,5,24,1,2,40,80,50,30),(516,5,24,2,1,50,70,50,20),(517,5,24,2,2,40,55,45,40),(542,5,25,1,1,35,75,60,20),(543,5,25,1,2,45,80,55,30),(544,5,25,2,1,55,75,50,20),(545,5,25,2,2,45,60,45,40),(570,5,26,1,1,35,75,60,20),(571,5,26,1,2,45,80,55,30),(572,5,26,2,1,60,75,50,20),(573,5,26,2,2,45,60,55,40),(598,8,27,1,1,20,50,45,35),(599,8,27,1,2,25,50,60,40),(600,8,27,3,1,20,55,50,45),(601,8,27,3,2,30,60,70,50),(630,8,28,1,1,20,55,45,35),(631,8,28,1,2,25,55,60,40),(632,8,28,3,1,20,60,50,45),(633,8,28,3,2,30,65,70,50),(658,8,29,1,1,25,55,45,35),(659,8,29,1,2,25,60,60,40),(660,8,29,3,1,20,65,50,45),(661,8,29,3,2,30,65,70,50);
/*!40000 ALTER TABLE `pu_age` ENABLE KEYS */;
UNLOCK TABLES;

--
-- Table structure for table `pu_balancesheet`
--

DROP TABLE IF EXISTS `pu_balancesheet`;
/*!40101 SET @saved_cs_client     = @@character_set_client */;
/*!40101 SET character_set_client = utf8 */;
CREATE TABLE `pu_balancesheet` (
  `id` int(11) NOT NULL AUTO_INCREMENT,
  `primary_union_id` int(11) DEFAULT NULL,
  `pu_datasheet_id` int(11) DEFAULT NULL,
  `balancesheet_id` int(11) DEFAULT NULL,
  `amount` decimal(10,2) DEFAULT NULL,
  `us_amount` decimal(10,2) DEFAULT NULL,
  PRIMARY KEY (`id`)
) ENGINE=InnoDB AUTO_INCREMENT=5508 DEFAULT CHARSET=utf8;
/*!40101 SET character_set_client = @saved_cs_client */;

--
-- Dumping data for table `pu_balancesheet`
--

LOCK TABLES `pu_balancesheet` WRITE;
/*!40000 ALTER TABLE `pu_balancesheet` DISABLE KEYS */;
INSERT INTO `pu_balancesheet` VALUES (66,1,4,6,50.00,1.52),(67,1,4,8,0.00,0.00),(68,1,4,26,0.00,0.00),(69,1,4,7,0.00,0.00),(70,1,4,9,0.00,0.00),(71,1,4,11,0.00,0.00),(72,1,4,10,0.00,0.00),(73,1,4,12,0.00,0.00),(74,1,4,14,0.00,0.00),(75,1,4,16,0.00,0.00),(76,1,4,13,0.00,0.00),(77,1,4,15,0.00,0.00),(78,1,4,17,0.00,0.00),(79,1,4,19,0.00,0.00),(80,1,4,21,0.00,0.00),(81,1,4,18,0.00,0.00),(82,1,4,20,0.00,0.00),(83,1,4,22,0.00,0.00),(84,1,4,27,0.00,0.00),(85,1,4,24,0.00,0.00),(86,1,4,23,0.00,0.00),(87,1,4,28,0.00,0.00),(88,1,4,25,0.00,0.00),(89,1,4,30,0.00,0.00),(90,1,4,29,0.00,0.00),(91,1,4,31,0.00,0.00),(92,1,4,35,0.00,0.00),(93,1,4,32,0.00,0.00),(94,1,4,34,0.00,0.00),(95,1,4,33,0.00,0.00),(96,1,4,38,0.00,0.00),(97,1,4,40,0.00,0.00),(98,1,4,37,0.00,0.00),(99,1,4,39,0.00,0.00),(100,1,4,36,0.00,0.00),(238,1,5,6,0.00,0.00),(239,1,5,7,0.00,0.00),(240,1,5,8,0.00,0.00),(241,1,5,9,0.00,0.00),(242,1,5,10,0.00,0.00),(243,1,5,11,0.00,0.00),(244,1,5,12,0.00,0.00),(245,1,5,13,0.00,0.00),(246,1,5,14,0.00,0.00),(247,1,5,15,0.00,0.00),(248,1,5,16,0.00,0.00),(249,1,5,17,0.00,0.00),(250,1,5,19,0.00,0.00),(251,1,5,18,0.00,0.00),(252,1,5,20,0.00,0.00),(253,1,5,21,0.00,0.00),(254,1,5,22,0.00,0.00),(255,1,5,23,0.00,0.00),(256,1,5,24,0.00,0.00),(257,1,5,25,0.00,0.00),(258,1,5,27,0.00,0.00),(259,1,5,28,0.00,0.00),(260,1,5,29,0.00,0.00),(261,1,5,30,0.00,0.00),(262,1,5,31,0.00,0.00),(263,1,5,32,0.00,0.00),(264,1,5,33,0.00,0.00),(265,1,5,34,0.00,0.00),(266,1,5,35,0.00,0.00),(267,1,5,36,0.00,0.00),(268,1,5,37,0.00,0.00),(269,1,5,38,0.00,0.00),(270,1,5,39,0.00,0.00),(271,1,5,40,0.00,0.00),(884,1,6,6,100000.00,3049.65),(885,1,6,7,10000.00,304.97),(886,1,6,8,110000.00,3354.62),(887,1,6,9,100000.00,3049.65),(888,1,6,10,10000.00,304.97),(889,1,6,11,20000.00,609.93),(890,1,6,12,30000.00,914.90),(891,1,6,13,10000.00,304.97),(892,1,6,14,12000.00,365.96),(893,1,6,15,22000.00,670.92),(894,1,6,16,52000.00,1585.82),(895,1,6,17,152000.00,4635.47),(896,1,6,19,7000.00,213.48),(897,1,6,18,10000.00,304.97),(898,1,6,20,17000.00,518.44),(899,1,6,21,135000.00,4117.03),(900,1,6,22,8000.00,243.97),(901,1,6,23,2000.00,60.99),(902,1,6,24,10000.00,304.97),(903,1,6,25,300.00,9.15),(904,1,6,27,200.00,6.10),(905,1,6,28,255500.00,7791.86),(906,1,6,29,100000.00,3049.65),(907,1,6,30,20000.00,609.93),(908,1,6,31,120000.00,3659.58),(909,1,6,32,5000.00,152.48),(910,1,6,33,0.00,0.00),(911,1,6,34,5000.00,152.48),(912,1,6,35,125000.00,3812.06),(913,1,6,36,120000.00,3659.58),(914,1,6,37,10000.00,304.97),(915,1,6,38,0.00,0.00),(916,1,6,39,130000.00,3964.55),(917,1,6,40,255000.00,7776.61),(1530,1,13,6,148000.00,4513.48),(1531,1,13,7,10000.00,304.97),(1532,1,13,8,158000.00,4818.45),(1533,1,13,9,150000.00,4574.48),(1534,1,13,10,12000.00,365.96),(1535,1,13,11,20000.00,609.93),(1536,1,13,12,32000.00,975.89),(1537,1,13,13,9500.00,289.72),(1538,1,13,14,11000.00,335.46),(1539,1,13,15,20500.00,625.18),(1540,1,13,16,52500.00,1601.07),(1541,1,13,17,202500.00,6175.54),(1542,1,13,19,8500.00,259.22),(1543,1,13,18,9500.00,289.72),(1544,1,13,20,18000.00,548.94),(1545,1,13,21,184500.00,5626.61),(1546,1,13,22,8000.00,243.97),(1547,1,13,23,2000.00,60.99),(1548,1,13,24,10000.00,304.97),(1549,1,13,25,300.00,9.15),(1550,1,13,27,200.00,6.10),(1551,1,13,28,353000.00,10765.27),(1552,1,13,29,165000.00,5031.92),(1553,1,13,30,28000.00,853.90),(1554,1,13,31,193000.00,5885.83),(1555,1,13,32,5000.00,152.48),(1556,1,13,33,0.00,0.00),(1557,1,13,34,5000.00,152.48),(1558,1,13,35,198000.00,6038.31),(1559,1,13,36,140000.00,4269.51),(1560,1,13,37,15000.00,457.45),(1561,1,13,38,0.00,0.00),(1562,1,13,39,155000.00,4726.96),(1563,1,13,40,353000.00,10765.27),(1564,1,1,6,200.00,6.10),(1565,1,1,7,0.00,0.00),(1566,1,1,8,0.00,0.00),(1567,1,1,9,0.00,0.00),(1568,1,1,10,0.00,0.00),(1569,1,1,11,0.00,0.00),(1570,1,1,12,0.00,0.00),(1571,1,1,13,0.00,0.00),(1572,1,1,14,0.00,0.00),(1573,1,1,15,0.00,0.00),(1574,1,1,16,0.00,0.00),(1575,1,1,17,0.00,0.00),(1576,1,1,19,0.00,0.00),(1577,1,1,18,0.00,0.00),(1578,1,1,20,0.00,0.00),(1579,1,1,21,0.00,0.00),(1580,1,1,22,0.00,0.00),(1581,1,1,23,0.00,0.00),(1582,1,1,24,0.00,0.00),(1583,1,1,25,0.00,0.00),(1584,1,1,27,0.00,0.00),(1585,1,1,28,0.00,0.00),(1586,1,1,29,0.00,0.00),(1587,1,1,30,0.00,0.00),(1588,1,1,31,0.00,0.00),(1589,1,1,32,0.00,0.00),(1590,1,1,33,0.00,0.00),(1591,1,1,34,0.00,0.00),(1592,1,1,35,0.00,0.00),(1593,1,1,36,0.00,0.00),(1594,1,1,37,0.00,0.00),(1595,1,1,38,0.00,0.00),(1596,1,1,39,0.00,0.00),(1597,1,1,40,0.00,0.00),(2006,7,15,6,450000.00,13723.43),(2007,7,15,7,50000.00,1524.83),(2008,7,15,8,500000.00,15248.25),(2009,7,15,9,400000.00,12198.60),(2010,7,15,10,70000.00,2134.76),(2011,7,15,11,120000.00,3659.58),(2012,7,15,12,190000.00,5794.34),(2013,7,15,13,50000.00,1524.83),(2014,7,15,14,60000.00,1829.79),(2015,7,15,15,110000.00,3354.62),(2016,7,15,16,300000.00,9148.95),(2017,7,15,17,700000.00,21347.56),(2018,7,15,19,50000.00,1524.83),(2019,7,15,18,70000.00,2134.76),(2020,7,15,20,120000.00,3659.58),(2021,7,15,21,580000.00,17687.97),(2022,7,15,22,55000.00,1677.31),(2023,7,15,23,15000.00,457.45),(2024,7,15,24,70000.00,2134.76),(2025,7,15,25,30000.00,914.90),(2026,7,15,27,20000.00,609.93),(2027,7,15,28,1200000.00,36595.81),(2028,7,15,29,300000.00,9148.95),(2029,7,15,30,100000.00,3049.65),(2030,7,15,31,400000.00,12198.60),(2031,7,15,32,0.00,0.00),(2032,7,15,33,0.00,0.00),(2033,7,15,34,0.00,0.00),(2034,7,15,35,400000.00,12198.60),(2035,7,15,36,600000.00,18297.90),(2036,7,15,37,200000.00,6099.30),(2037,7,15,38,0.00,0.00),(2038,7,15,39,800000.00,24397.21),(2039,7,15,40,1200000.00,36595.81),(2244,7,16,6,500000.00,15248.25),(2245,7,16,7,50000.00,1524.83),(2246,7,16,8,550000.00,16773.08),(2247,7,16,9,440000.00,13418.46),(2248,7,16,10,65000.00,1982.27),(2249,7,16,11,130000.00,3964.55),(2250,7,16,12,195000.00,5946.82),(2251,7,16,13,55000.00,1677.31),(2252,7,16,14,60000.00,1829.79),(2253,7,16,15,115000.00,3507.10),(2254,7,16,16,310000.00,9453.92),(2255,7,16,17,750000.00,22872.38),(2256,7,16,19,50000.00,1524.83),(2257,7,16,18,70000.00,2134.76),(2258,7,16,20,120000.00,3659.58),(2259,7,16,21,630000.00,19212.80),(2260,7,16,22,65000.00,1982.27),(2261,7,16,23,15000.00,457.45),(2262,7,16,24,80000.00,2439.72),(2263,7,16,25,30000.00,914.90),(2264,7,16,27,20000.00,609.93),(2265,7,16,28,1310000.00,39950.42),(2266,7,16,29,320000.00,9758.88),(2267,7,16,30,100000.00,3049.65),(2268,7,16,31,420000.00,12808.53),(2269,7,16,32,0.00,0.00),(2270,7,16,33,0.00,0.00),(2271,7,16,34,0.00,0.00),(2272,7,16,35,420000.00,12808.53),(2273,7,16,36,680000.00,20737.63),(2274,7,16,37,210000.00,6404.27),(2275,7,16,38,0.00,0.00),(2276,7,16,39,890000.00,27141.89),(2277,7,16,40,1310000.00,39950.42),(2482,7,17,6,560000.00,17078.04),(2483,7,17,7,55000.00,1677.31),(2484,7,17,8,615000.00,18755.35),(2485,7,17,9,500000.00,15248.25),(2486,7,17,10,69000.00,2104.26),(2487,7,17,11,150000.00,4574.48),(2488,7,17,12,219000.00,6678.74),(2489,7,17,13,52000.00,1585.82),(2490,7,17,14,53000.00,1616.31),(2491,7,17,15,105000.00,3202.13),(2492,7,17,16,324000.00,9880.87),(2493,7,17,17,824000.00,25129.12),(2494,7,17,19,50000.00,1524.83),(2495,7,17,18,70000.00,2134.76),(2496,7,17,20,120000.00,3659.58),(2497,7,17,21,704000.00,21469.54),(2498,7,17,22,66000.00,2012.77),(2499,7,17,23,15000.00,457.45),(2500,7,17,24,81000.00,2470.22),(2501,7,17,25,30000.00,914.90),(2502,7,17,27,20000.00,609.93),(2503,7,17,28,1450000.00,44219.94),(2504,7,17,29,400000.00,12198.60),(2505,7,17,30,110000.00,3354.62),(2506,7,17,31,510000.00,15553.22),(2507,7,17,32,0.00,0.00),(2508,7,17,33,0.00,0.00),(2509,7,17,34,0.00,0.00),(2510,7,17,35,510000.00,15553.22),(2511,7,17,36,700000.00,21347.56),(2512,7,17,37,240000.00,7319.16),(2513,7,17,38,0.00,0.00),(2514,7,17,39,940000.00,28666.72),(2515,7,17,40,1450000.00,44219.94),(2686,6,18,6,234000.00,7136.18),(2687,6,18,7,25000.00,762.41),(2688,6,18,8,259000.00,7898.60),(2689,6,18,9,200000.00,6099.30),(2690,6,18,10,25000.00,762.41),(2691,6,18,11,40000.00,1219.86),(2692,6,18,12,65000.00,1982.27),(2693,6,18,13,12000.00,365.96),(2694,6,18,14,6000.00,182.98),(2695,6,18,15,18000.00,548.94),(2696,6,18,16,83000.00,2531.21),(2697,6,18,17,283000.00,8630.51),(2698,6,18,19,10000.00,304.97),(2699,6,18,18,15000.00,457.45),(2700,6,18,20,25000.00,762.41),(2701,6,18,21,258000.00,7868.10),(2702,6,18,22,10000.00,304.97),(2703,6,18,23,5000.00,152.48),(2704,6,18,24,15000.00,457.45),(2705,6,18,25,2500.00,76.24),(2706,6,18,27,1350.00,41.17),(2707,6,18,28,535850.00,16341.55),(2708,6,18,29,245000.00,7471.64),(2709,6,18,30,121500.00,3705.33),(2710,6,18,31,366500.00,11176.97),(2711,6,18,32,0.00,0.00),(2712,6,18,33,0.00,0.00),(2713,6,18,34,0.00,0.00),(2714,6,18,35,366500.00,11176.97),(2715,6,18,36,145000.00,4421.99),(2716,6,18,37,24350.00,742.59),(2717,6,18,38,0.00,0.00),(2718,6,18,39,169350.00,5164.58),(2719,6,18,40,535850.00,16341.55),(2890,6,19,6,296000.00,9026.97),(2891,6,19,7,27000.00,823.41),(2892,6,19,8,323000.00,9850.37),(2893,6,19,9,259000.00,7898.60),(2894,6,19,10,24000.00,731.92),(2895,6,19,11,42000.00,1280.85),(2896,6,19,12,66000.00,2012.77),(2897,6,19,13,13000.00,396.45),(2898,6,19,14,5700.00,173.83),(2899,6,19,15,18700.00,570.28),(2900,6,19,16,84700.00,2583.05),(2901,6,19,17,343700.00,10481.65),(2902,6,19,19,10000.00,304.97),(2903,6,19,18,15000.00,457.45),(2904,6,19,20,25000.00,762.41),(2905,6,19,21,318700.00,9719.24),(2906,6,19,22,10000.00,304.97),(2907,6,19,23,5000.00,152.48),(2908,6,19,24,15000.00,457.45),(2909,6,19,25,2500.00,76.24),(2910,6,19,27,1350.00,41.17),(2911,6,19,28,660550.00,20144.47),(2912,6,19,29,297000.00,9057.46),(2913,6,19,30,140000.00,4269.51),(2914,6,19,31,437000.00,13326.97),(2915,6,19,32,0.00,0.00),(2916,6,19,33,0.00,0.00),(2917,6,19,34,0.00,0.00),(2918,6,19,35,437000.00,13326.97),(2919,6,19,36,194000.00,5916.32),(2920,6,19,37,29550.00,901.17),(2921,6,19,38,0.00,0.00),(2922,6,19,39,223550.00,6817.49),(2923,6,19,40,660550.00,20144.47),(3162,6,20,6,323000.00,9850.37),(3163,6,20,7,28700.00,875.25),(3164,6,20,8,351700.00,10725.62),(3165,6,20,9,284000.00,8661.01),(3166,6,20,10,26000.00,792.91),(3167,6,20,11,39000.00,1189.36),(3168,6,20,12,65000.00,1982.27),(3169,6,20,13,12700.00,387.31),(3170,6,20,14,5500.00,167.73),(3171,6,20,15,18200.00,555.04),(3172,6,20,16,83200.00,2537.31),(3173,6,20,17,367200.00,11198.32),(3174,6,20,19,10000.00,304.97),(3175,6,20,18,15000.00,457.45),(3176,6,20,20,25000.00,762.41),(3177,6,20,21,342200.00,10435.90),(3178,6,20,22,10000.00,304.97),(3179,6,20,23,5000.00,152.48),(3180,6,20,24,15000.00,457.45),(3181,6,20,25,2500.00,76.24),(3182,6,20,27,1350.00,41.17),(3183,6,20,28,712750.00,21736.39),(3184,6,20,29,311000.00,9484.41),(3185,6,20,30,154000.00,4696.46),(3186,6,20,31,465000.00,14180.88),(3187,6,20,32,0.00,0.00),(3188,6,20,33,0.00,0.00),(3189,6,20,34,0.00,0.00),(3190,6,20,35,465000.00,14180.88),(3191,6,20,36,213000.00,6495.76),(3192,6,20,37,34750.00,1059.75),(3193,6,20,38,0.00,0.00),(3194,6,20,39,247750.00,7555.51),(3195,6,20,40,712750.00,21736.39),(3230,1,9,6,100000.00,3049.65),(3231,1,9,7,10000.00,304.97),(3232,1,9,8,110000.00,3354.62),(3233,1,9,9,100000.00,3049.65),(3234,1,9,10,10000.00,304.97),(3235,1,9,11,20000.00,609.93),(3236,1,9,12,30000.00,914.90),(3237,1,9,13,10000.00,304.97),(3238,1,9,14,12000.00,365.96),(3239,1,9,15,22000.00,670.92),(3240,1,9,16,52000.00,1585.82),(3241,1,9,17,152000.00,4635.47),(3242,1,9,19,7000.00,213.48),(3243,1,9,18,10000.00,304.97),(3244,1,9,20,17000.00,518.44),(3245,1,9,21,135000.00,4117.03),(3246,1,9,22,8000.00,243.97),(3247,1,9,23,2000.00,60.99),(3248,1,9,24,10000.00,304.97),(3249,1,9,25,300.00,9.15),(3250,1,9,27,200.00,6.10),(3251,1,9,28,255500.00,7791.86),(3252,1,9,29,100000.00,3049.65),(3253,1,9,30,20000.00,609.93),(3254,1,9,31,120000.00,3659.58),(3255,1,9,32,5000.00,152.48),(3256,1,9,33,0.00,0.00),(3257,1,9,34,5000.00,152.48),(3258,1,9,35,125000.00,3812.06),(3259,1,9,36,120000.00,3659.58),(3260,1,9,37,10000.00,304.97),(3261,1,9,38,0.00,0.00),(3262,1,9,39,130000.00,3964.55),(3263,1,9,40,255000.00,7776.61),(3264,1,11,6,120000.00,3659.58),(3265,1,11,7,10000.00,304.97),(3266,1,11,8,130000.00,3964.55),(3267,1,11,9,130000.00,3964.55),(3268,1,11,10,12000.00,365.96),(3269,1,11,11,18500.00,564.19),(3270,1,11,12,30500.00,930.14),(3271,1,11,13,9500.00,289.72),(3272,1,11,14,11000.00,335.46),(3273,1,11,15,20500.00,625.18),(3274,1,11,16,51000.00,1555.32),(3275,1,11,17,181000.00,5519.87),(3276,1,11,19,8500.00,259.22),(3277,1,11,18,9500.00,289.72),(3278,1,11,20,18000.00,548.94),(3279,1,11,21,163000.00,4970.93),(3280,1,11,22,8000.00,243.97),(3281,1,11,23,2000.00,60.99),(3282,1,11,24,10000.00,304.97),(3283,1,11,25,300.00,9.15),(3284,1,11,27,200.00,6.10),(3285,1,11,28,303500.00,9255.69),(3286,1,11,29,130000.00,3964.55),(3287,1,11,30,25000.00,762.41),(3288,1,11,31,155000.00,4726.96),(3289,1,11,32,5000.00,152.48),(3290,1,11,33,0.00,0.00),(3291,1,11,34,5000.00,152.48),(3292,1,11,35,160000.00,4879.44),(3293,1,11,36,130000.00,3964.55),(3294,1,11,37,13500.00,411.70),(3295,1,11,38,0.00,0.00),(3296,1,11,39,143500.00,4376.25),(3297,1,11,40,303500.00,9255.69),(3502,4,21,6,90000.00,2744.69),(3503,4,21,7,7000.00,213.48),(3504,4,21,8,97000.00,2958.16),(3505,4,21,9,100000.00,3049.65),(3506,4,21,10,6000.00,182.98),(3507,4,21,11,20000.00,609.93),(3508,4,21,12,26000.00,792.91),(3509,4,21,13,5000.00,152.48),(3510,4,21,14,1200.00,36.60),(3511,4,21,15,6200.00,189.08),(3512,4,21,16,32200.00,981.99),(3513,4,21,17,132200.00,4031.64),(3514,4,21,19,7000.00,213.48),(3515,4,21,18,5000.00,152.48),(3516,4,21,20,12000.00,365.96),(3517,4,21,21,120200.00,3665.68),(3518,4,21,22,5000.00,152.48),(3519,4,21,23,1000.00,30.50),(3520,4,21,24,6000.00,182.98),(3521,4,21,25,10000.00,304.97),(3522,4,21,27,450.00,13.72),(3523,4,21,28,233650.00,7125.51),(3524,4,21,29,100650.00,3069.47),(3525,4,21,30,20000.00,609.93),(3526,4,21,31,120650.00,3679.40),(3527,4,21,32,0.00,0.00),(3528,4,21,33,0.00,0.00),(3529,4,21,34,0.00,0.00),(3530,4,21,35,120650.00,3679.40),(3531,4,21,36,108000.00,3293.62),(3532,4,21,37,5000.00,152.48),(3533,4,21,38,0.00,0.00),(3534,4,21,39,113000.00,3446.11),(3535,4,21,40,233650.00,7125.51),(3740,4,22,6,125000.00,3812.06),(3741,4,22,7,7000.00,213.48),(3742,4,22,8,132000.00,4025.54),(3743,4,22,9,130000.00,3964.55),(3744,4,22,10,7500.00,228.72),(3745,4,22,11,21000.00,640.43),(3746,4,22,12,28500.00,869.15),(3747,4,22,13,5300.00,161.63),(3748,4,22,14,1100.00,33.55),(3749,4,22,15,6400.00,195.18),(3750,4,22,16,34900.00,1064.33),(3751,4,22,17,164900.00,5028.87),(3752,4,22,19,7000.00,213.48),(3753,4,22,18,5000.00,152.48),(3754,4,22,20,12000.00,365.96),(3755,4,22,21,152900.00,4662.92),(3756,4,22,22,5000.00,152.48),(3757,4,22,23,1000.00,30.50),(3758,4,22,24,6000.00,182.98),(3759,4,22,25,10000.00,304.97),(3760,4,22,27,450.00,13.72),(3761,4,22,28,301350.00,9190.12),(3762,4,22,29,130350.00,3975.22),(3763,4,22,30,25000.00,762.41),(3764,4,22,31,155350.00,4737.63),(3765,4,22,32,0.00,0.00),(3766,4,22,33,0.00,0.00),(3767,4,22,34,0.00,0.00),(3768,4,22,35,155350.00,4737.63),(3769,4,22,36,140000.00,4269.51),(3770,4,22,37,6000.00,182.98),(3771,4,22,38,0.00,0.00),(3772,4,22,39,146000.00,4452.49),(3773,4,22,40,301350.00,9190.12),(3978,4,23,6,148000.00,4513.48),(3979,4,23,7,7000.00,213.48),(3980,4,23,8,155000.00,4726.96),(3981,4,23,9,150000.00,4574.48),(3982,4,23,10,7800.00,237.87),(3983,4,23,11,24000.00,731.92),(3984,4,23,12,31800.00,969.79),(3985,4,23,13,5100.00,155.53),(3986,4,23,14,1100.00,33.55),(3987,4,23,15,6200.00,189.08),(3988,4,23,16,38000.00,1158.87),(3989,4,23,17,188000.00,5733.34),(3990,4,23,19,7000.00,213.48),(3991,4,23,18,5000.00,152.48),(3992,4,23,20,12000.00,365.96),(3993,4,23,21,176000.00,5367.39),(3994,4,23,22,5000.00,152.48),(3995,4,23,23,1000.00,30.50),(3996,4,23,24,6000.00,182.98),(3997,4,23,25,10000.00,304.97),(3998,4,23,27,450.00,13.72),(3999,4,23,28,347450.00,10596.01),(4000,4,23,29,165450.00,5045.65),(4001,4,23,30,28000.00,853.90),(4002,4,23,31,193450.00,5899.55),(4003,4,23,32,0.00,0.00),(4004,4,23,33,0.00,0.00),(4005,4,23,34,0.00,0.00),(4006,4,23,35,193450.00,5899.55),(4007,4,23,36,147000.00,4482.99),(4008,4,23,37,7000.00,213.48),(4009,4,23,38,0.00,0.00),(4010,4,23,39,154000.00,4696.46),(4011,4,23,40,347450.00,10596.01),(4250,5,24,6,45000.00,1372.34),(4251,5,24,7,5000.00,152.48),(4252,5,24,8,50000.00,1524.83),(4253,5,24,9,70000.00,2134.76),(4254,5,24,10,7000.00,213.48),(4255,5,24,11,10000.00,304.97),(4256,5,24,12,17000.00,518.44),(4257,5,24,13,5000.00,152.48),(4258,5,24,14,6000.00,182.98),(4259,5,24,15,11000.00,335.46),(4260,5,24,16,28000.00,853.90),(4261,5,24,17,98000.00,2988.66),(4262,5,24,19,3000.00,91.49),(4263,5,24,18,5000.00,152.48),(4264,5,24,20,8000.00,243.97),(4265,5,24,21,90000.00,2744.69),(4266,5,24,22,5500.00,167.73),(4267,5,24,23,1500.00,45.74),(4268,5,24,24,7000.00,213.48),(4269,5,24,25,12000.00,365.96),(4270,5,24,27,1000.00,30.50),(4271,5,24,28,160000.00,4879.44),(4272,5,24,29,50000.00,1524.83),(4273,5,24,30,10000.00,304.97),(4274,5,24,31,60000.00,1829.79),(4275,5,24,32,0.00,0.00),(4276,5,24,33,0.00,0.00),(4277,5,24,34,0.00,0.00),(4278,5,24,35,60000.00,1829.79),(4279,5,24,36,95000.00,2897.17),(4280,5,24,37,5000.00,152.48),(4281,5,24,38,0.00,0.00),(4282,5,24,39,100000.00,3049.65),(4283,5,24,40,160000.00,4879.44),(4488,5,25,6,50000.00,1524.83),(4489,5,25,7,5000.00,152.48),(4490,5,25,8,55000.00,1677.31),(4491,5,25,9,74000.00,2256.74),(4492,5,25,10,6500.00,198.23),(4493,5,25,11,13000.00,396.45),(4494,5,25,12,19500.00,594.68),(4495,5,25,13,5500.00,167.73),(4496,5,25,14,6000.00,182.98),(4497,5,25,15,11500.00,350.71),(4498,5,25,16,31000.00,945.39),(4499,5,25,17,105000.00,3202.13),(4500,5,25,19,3000.00,91.49),(4501,5,25,18,5000.00,152.48),(4502,5,25,20,8000.00,243.97),(4503,5,25,21,97000.00,2958.16),(4504,5,25,22,6500.00,198.23),(4505,5,25,23,1500.00,45.74),(4506,5,25,24,8000.00,243.97),(4507,5,25,25,12000.00,365.96),(4508,5,25,27,1000.00,30.50),(4509,5,25,28,173000.00,5275.90),(4510,5,25,29,56000.00,1707.80),(4511,5,25,30,10000.00,304.97),(4512,5,25,31,66000.00,2012.77),(4513,5,25,32,0.00,0.00),(4514,5,25,33,0.00,0.00),(4515,5,25,34,0.00,0.00),(4516,5,25,35,66000.00,2012.77),(4517,5,25,36,100000.00,3049.65),(4518,5,25,37,7000.00,213.48),(4519,5,25,38,0.00,0.00),(4520,5,25,39,107000.00,3263.13),(4521,5,25,40,173000.00,5275.90),(4726,5,26,6,56000.00,1707.80),(4727,5,26,7,5000.00,152.48),(4728,5,26,8,61000.00,1860.29),(4729,5,26,9,80000.00,2439.72),(4730,5,26,10,6900.00,210.43),(4731,5,26,11,13500.00,411.70),(4732,5,26,12,20400.00,622.13),(4733,5,26,13,5200.00,158.58),(4734,5,26,14,5300.00,161.63),(4735,5,26,15,10500.00,320.21),(4736,5,26,16,30900.00,942.34),(4737,5,26,17,110900.00,3382.06),(4738,5,26,19,3000.00,91.49),(4739,5,26,18,5000.00,152.48),(4740,5,26,20,8000.00,243.97),(4741,5,26,21,102900.00,3138.09),(4742,5,26,22,6600.00,201.28),(4743,5,26,23,1500.00,45.74),(4744,5,26,24,8100.00,247.02),(4745,5,26,25,12000.00,365.96),(4746,5,26,27,1000.00,30.50),(4747,5,26,28,185000.00,5641.85),(4748,5,26,29,63000.00,1921.28),(4749,5,26,30,10000.00,304.97),(4750,5,26,31,73000.00,2226.25),(4751,5,26,32,0.00,0.00),(4752,5,26,33,0.00,0.00),(4753,5,26,34,0.00,0.00),(4754,5,26,35,73000.00,2226.25),(4755,5,26,36,103000.00,3141.14),(4756,5,26,37,9000.00,274.47),(4757,5,26,38,0.00,0.00),(4758,5,26,39,112000.00,3415.61),(4759,5,26,40,185000.00,5641.85),(4964,8,27,6,23400.00,713.62),(4965,8,27,7,2500.00,76.24),(4966,8,27,8,25900.00,789.86),(4967,8,27,9,20000.00,609.93),(4968,8,27,10,2500.00,76.24),(4969,8,27,11,4000.00,121.99),(4970,8,27,12,6500.00,198.23),(4971,8,27,13,1200.00,36.60),(4972,8,27,14,600.00,18.30),(4973,8,27,15,1800.00,54.89),(4974,8,27,16,8300.00,253.12),(4975,8,27,17,28300.00,863.05),(4976,8,27,19,1000.00,30.50),(4977,8,27,18,1500.00,45.74),(4978,8,27,20,2500.00,76.24),(4979,8,27,21,25800.00,786.81),(4980,8,27,22,1000.00,30.50),(4981,8,27,23,500.00,15.25),(4982,8,27,24,1500.00,45.74),(4983,8,27,25,2500.00,76.24),(4984,8,27,27,1000.00,30.50),(4985,8,27,28,56700.00,1729.15),(4986,8,27,29,25700.00,783.76),(4987,8,27,30,14000.00,426.95),(4988,8,27,31,39700.00,1210.71),(4989,8,27,32,0.00,0.00),(4990,8,27,33,0.00,0.00),(4991,8,27,34,0.00,0.00),(4992,8,27,35,39700.00,1210.71),(4993,8,27,36,16000.00,487.94),(4994,8,27,37,1000.00,30.50),(4995,8,27,38,0.00,0.00),(4996,8,27,39,17000.00,518.44),(4997,8,27,40,56700.00,1729.15),(5236,8,28,6,29600.00,902.70),(5237,8,28,7,2700.00,82.34),(5238,8,28,8,32300.00,985.04),(5239,8,28,9,25900.00,789.86),(5240,8,28,10,2400.00,73.19),(5241,8,28,11,4200.00,128.09),(5242,8,28,12,6600.00,201.28),(5243,8,28,13,1300.00,39.65),(5244,8,28,14,600.00,18.30),(5245,8,28,15,1900.00,57.94),(5246,8,28,16,8500.00,259.22),(5247,8,28,17,34400.00,1049.08),(5248,8,28,19,1000.00,30.50),(5249,8,28,18,1500.00,45.74),(5250,8,28,20,2500.00,76.24),(5251,8,28,21,31900.00,972.84),(5252,8,28,22,1000.00,30.50),(5253,8,28,23,500.00,15.25),(5254,8,28,24,1500.00,45.74),(5255,8,28,25,2500.00,76.24),(5256,8,28,27,1000.00,30.50),(5257,8,28,28,69200.00,2110.36),(5258,8,28,29,31700.00,966.74),(5259,8,28,30,17000.00,518.44),(5260,8,28,31,48700.00,1485.18),(5261,8,28,32,0.00,0.00),(5262,8,28,33,0.00,0.00),(5263,8,28,34,0.00,0.00),(5264,8,28,35,48700.00,1485.18),(5265,8,28,36,19300.00,588.58),(5266,8,28,37,1200.00,36.60),(5267,8,28,38,0.00,0.00),(5268,8,28,39,20500.00,625.18),(5269,8,28,40,69200.00,2110.36),(5474,8,29,6,32300.00,985.04),(5475,8,29,7,2800.00,85.39),(5476,8,29,8,35100.00,1070.43),(5477,8,29,9,28400.00,866.10),(5478,8,29,10,2600.00,79.29),(5479,8,29,11,3900.00,118.94),(5480,8,29,12,6500.00,198.23),(5481,8,29,13,1300.00,39.65),(5482,8,29,14,600.00,18.30),(5483,8,29,15,1900.00,57.94),(5484,8,29,16,8400.00,256.17),(5485,8,29,17,36800.00,1122.27),(5486,8,29,19,1000.00,30.50),(5487,8,29,18,1500.00,45.74),(5488,8,29,20,2500.00,76.24),(5489,8,29,21,34300.00,1046.03),(5490,8,29,22,1000.00,30.50),(5491,8,29,23,500.00,15.25),(5492,8,29,24,1500.00,45.74),(5493,8,29,25,2500.00,76.24),(5494,8,29,27,1000.00,30.50),(5495,8,29,28,74400.00,2268.94),(5496,8,29,29,33000.00,1006.38),(5497,8,29,30,19000.00,579.43),(5498,8,29,31,52000.00,1585.82),(5499,8,29,32,0.00,0.00),(5500,8,29,33,0.00,0.00),(5501,8,29,34,0.00,0.00),(5502,8,29,35,52000.00,1585.82),(5503,8,29,36,21000.00,640.43),(5504,8,29,37,1400.00,42.70),(5505,8,29,38,0.00,0.00),(5506,8,29,39,22400.00,683.12),(5507,8,29,40,74400.00,2268.94);
/*!40000 ALTER TABLE `pu_balancesheet` ENABLE KEYS */;
UNLOCK TABLES;

--
-- Table structure for table `pu_datasheet`
--

DROP TABLE IF EXISTS `pu_datasheet`;
/*!40101 SET @saved_cs_client     = @@character_set_client */;
/*!40101 SET character_set_client = utf8 */;
CREATE TABLE `pu_datasheet` (
  `id` int(11) NOT NULL AUTO_INCREMENT,
  `primary_union_id` int(11) DEFAULT NULL,
  `created_date` datetime DEFAULT NULL,
  `asset_group_id` int(11) DEFAULT NULL,
  `date` date DEFAULT NULL,
  `total_members` int(11) DEFAULT NULL,
  `saved` int(11) DEFAULT '0',
  `locked` int(11) DEFAULT '0',
  PRIMARY KEY (`id`)
) ENGINE=InnoDB AUTO_INCREMENT=30 DEFAULT CHARSET=utf8;
/*!40101 SET character_set_client = @saved_cs_client */;

--
-- Dumping data for table `pu_datasheet`
--

LOCK TABLES `pu_datasheet` WRITE;
/*!40000 ALTER TABLE `pu_datasheet` DISABLE KEYS */;
INSERT INTO `pu_datasheet` VALUES (1,1,'2014-06-15 01:22:17',4,'2014-06-01',0,1,1),(4,1,'2014-08-13 12:15:05',0,'2014-08-10',0,1,0),(5,1,'2014-08-29 14:52:41',0,'2014-08-31',809,1,0),(6,1,'2014-09-25 09:27:37',2,'2014-09-25',1650,1,0),(9,1,'2014-11-04 12:22:00',2,'2014-04-01',1650,1,1),(10,1,'2014-11-04 12:32:58',NULL,'0000-00-00',NULL,0,0),(11,1,'2014-11-04 12:33:15',2,'2014-05-01',1690,1,1),(12,1,'2014-11-04 12:55:20',NULL,'0000-00-00',NULL,0,0),(13,1,'2014-11-04 12:55:32',2,'2014-06-02',1720,1,1),(14,7,'2014-11-11 12:00:58',NULL,'0000-00-00',NULL,0,0),(15,7,'2014-11-11 12:09:37',4,'2014-04-01',16500,1,1),(16,7,'2014-11-13 11:54:50',4,'2014-05-01',17400,1,1),(17,7,'2014-11-13 12:26:02',4,'2014-06-02',17650,1,1),(18,6,'2014-11-13 13:00:48',3,'2014-04-01',7150,1,1),(19,6,'2014-11-13 13:51:00',3,'2014-05-01',7385,1,1),(20,6,'2014-11-13 14:38:07',3,'2014-06-02',7455,1,1),(21,4,'2014-11-14 02:24:15',2,'2014-04-01',570,1,1),(22,4,'2014-11-14 02:37:09',2,'2014-05-01',620,1,1),(23,4,'2014-11-14 03:01:19',2,'2014-06-02',650,1,1),(24,5,'2014-11-14 03:24:53',2,'2014-04-01',750,1,1),(25,5,'2014-11-14 03:43:43',2,'2014-05-01',790,1,1),(26,5,'2014-11-14 04:07:27',2,'2014-06-02',805,1,1),(27,8,'2014-11-14 04:23:38',1,'2014-04-01',705,1,1),(28,8,'2014-11-14 04:59:09',1,'2014-05-01',725,1,1),(29,8,'2014-11-14 05:27:52',1,'2014-06-02',740,1,1);
/*!40000 ALTER TABLE `pu_datasheet` ENABLE KEYS */;
UNLOCK TABLES;

--
-- Table structure for table `pu_gender`
--

DROP TABLE IF EXISTS `pu_gender`;
/*!40101 SET @saved_cs_client     = @@character_set_client */;
/*!40101 SET character_set_client = utf8 */;
CREATE TABLE `pu_gender` (
  `id` int(11) NOT NULL AUTO_INCREMENT,
  `primary_union_id` int(11) DEFAULT NULL,
  `pu_datasheet_id` int(11) DEFAULT NULL,
  `area_id` int(11) DEFAULT NULL,
  `gender_id` int(11) NOT NULL,
  `male` int(11) DEFAULT NULL,
  `female` int(11) DEFAULT NULL,
  `total` int(11) DEFAULT NULL,
  PRIMARY KEY (`id`)
) ENGINE=InnoDB AUTO_INCREMENT=662 DEFAULT CHARSET=utf8;
/*!40101 SET character_set_client = @saved_cs_client */;

--
-- Dumping data for table `pu_gender`
--

LOCK TABLES `pu_gender` WRITE;
/*!40000 ALTER TABLE `pu_gender` DISABLE KEYS */;
INSERT INTO `pu_gender` VALUES (42,1,5,1,1,NULL,NULL,300),(43,1,5,1,2,NULL,NULL,500),(44,1,5,2,1,NULL,NULL,5),(45,1,5,2,2,NULL,NULL,4),(118,1,6,1,1,NULL,NULL,250),(119,1,6,1,2,NULL,NULL,500),(120,1,6,2,1,NULL,NULL,350),(121,1,6,2,2,NULL,NULL,550),(194,1,13,1,1,NULL,NULL,275),(195,1,13,1,2,NULL,NULL,515),(196,1,13,2,1,NULL,NULL,360),(197,1,13,2,2,NULL,NULL,570),(198,1,1,1,1,NULL,NULL,0),(199,1,1,1,2,NULL,NULL,0),(200,1,1,2,1,NULL,NULL,0),(201,1,1,2,2,NULL,NULL,0),(250,7,15,1,1,NULL,NULL,2500),(251,7,15,1,2,NULL,NULL,5000),(252,7,15,2,1,NULL,NULL,3500),(253,7,15,2,2,NULL,NULL,5500),(278,7,16,1,1,NULL,NULL,2850),(279,7,16,1,2,NULL,NULL,5320),(280,7,16,2,1,NULL,NULL,3610),(281,7,16,2,2,NULL,NULL,5620),(306,7,17,1,1,NULL,NULL,2920),(307,7,17,1,2,NULL,NULL,5380),(308,7,17,2,1,NULL,NULL,3680),(309,7,17,2,2,NULL,NULL,5670),(330,6,18,1,1,NULL,NULL,1500),(331,6,18,1,2,NULL,NULL,1750),(332,6,18,2,1,NULL,NULL,1800),(333,6,18,2,2,NULL,NULL,2100),(354,6,19,1,1,NULL,NULL,1530),(355,6,19,1,2,NULL,NULL,1830),(356,6,19,2,1,NULL,NULL,1870),(357,6,19,2,2,NULL,NULL,2155),(386,6,20,1,1,NULL,NULL,1545),(387,6,20,1,2,NULL,NULL,1850),(388,6,20,2,1,NULL,NULL,1880),(389,6,20,2,2,NULL,NULL,2180),(394,1,9,1,1,NULL,NULL,250),(395,1,9,1,2,NULL,NULL,500),(396,1,9,2,1,NULL,NULL,350),(397,1,9,2,2,NULL,NULL,550),(398,1,11,1,1,NULL,NULL,270),(399,1,11,1,2,NULL,NULL,505),(400,1,11,2,1,NULL,NULL,355),(401,1,11,2,2,NULL,NULL,560),(426,4,21,1,1,NULL,NULL,100),(427,4,21,1,2,NULL,NULL,150),(428,4,21,3,1,NULL,NULL,150),(429,4,21,3,2,NULL,NULL,170),(454,4,22,1,1,NULL,NULL,115),(455,4,22,1,2,NULL,NULL,160),(456,4,22,3,1,NULL,NULL,165),(457,4,22,3,2,NULL,NULL,180),(482,4,23,1,1,NULL,NULL,120),(483,4,23,1,2,NULL,NULL,165),(484,4,23,3,1,NULL,NULL,175),(485,4,23,3,2,NULL,NULL,190),(514,5,24,1,1,NULL,NULL,180),(515,5,24,1,2,NULL,NULL,200),(516,5,24,2,1,NULL,NULL,190),(517,5,24,2,2,NULL,NULL,180),(542,5,25,1,1,NULL,NULL,190),(543,5,25,1,2,NULL,NULL,210),(544,5,25,2,1,NULL,NULL,200),(545,5,25,2,2,NULL,NULL,190),(570,5,26,1,1,NULL,NULL,190),(571,5,26,1,2,NULL,NULL,210),(572,5,26,2,1,NULL,NULL,205),(573,5,26,2,2,NULL,NULL,200),(598,8,27,1,1,NULL,NULL,150),(599,8,27,1,2,NULL,NULL,175),(600,8,27,3,1,NULL,NULL,170),(601,8,27,3,2,NULL,NULL,210),(630,8,28,1,1,NULL,NULL,155),(631,8,28,1,2,NULL,NULL,180),(632,8,28,3,1,NULL,NULL,175),(633,8,28,3,2,NULL,NULL,215),(658,8,29,1,1,NULL,NULL,160),(659,8,29,1,2,NULL,NULL,185),(660,8,29,3,1,NULL,NULL,180),(661,8,29,3,2,NULL,NULL,215);
/*!40000 ALTER TABLE `pu_gender` ENABLE KEYS */;
UNLOCK TABLES;

--
-- Table structure for table `pu_is`
--

DROP TABLE IF EXISTS `pu_is`;
/*!40101 SET @saved_cs_client     = @@character_set_client */;
/*!40101 SET character_set_client = utf8 */;
CREATE TABLE `pu_is` (
  `id` int(11) NOT NULL AUTO_INCREMENT,
  `primary_union_id` int(11) DEFAULT NULL,
  `pu_datasheet_id` int(11) DEFAULT NULL,
  `is_id` int(11) DEFAULT NULL,
  `amount` decimal(10,2) DEFAULT NULL,
  `us_amount` decimal(10,2) DEFAULT NULL,
  PRIMARY KEY (`id`)
) ENGINE=InnoDB AUTO_INCREMENT=5176 DEFAULT CHARSET=utf8;
/*!40101 SET character_set_client = @saved_cs_client */;

--
-- Dumping data for table `pu_is`
--

LOCK TABLES `pu_is` WRITE;
/*!40000 ALTER TABLE `pu_is` DISABLE KEYS */;
INSERT INTO `pu_is` VALUES (16,1,3,3,0.00,0.00),(17,1,3,4,0.00,0.00),(18,1,3,1,0.00,0.00),(19,1,3,2,0.00,0.00),(20,1,3,5,0.00,0.00),(56,1,4,6,100.00,3.05),(57,1,4,8,0.00,0.00),(58,1,4,7,0.00,0.00),(59,1,4,11,0.00,0.00),(60,1,4,10,0.00,0.00),(61,1,4,12,0.00,0.00),(62,1,4,9,0.00,0.00),(63,1,4,14,0.00,0.00),(64,1,4,16,0.00,0.00),(65,1,4,13,0.00,0.00),(66,1,4,15,0.00,0.00),(67,1,4,22,0.00,0.00),(68,1,4,19,0.00,0.00),(69,1,4,27,0.00,0.00),(70,1,4,24,0.00,0.00),(71,1,4,21,0.00,0.00),(72,1,4,18,0.00,0.00),(73,1,4,26,0.00,0.00),(74,1,4,23,0.00,0.00),(75,1,4,20,0.00,0.00),(76,1,4,17,0.00,0.00),(77,1,4,25,0.00,0.00),(78,1,4,30,0.00,0.00),(79,1,4,32,0.00,0.00),(80,1,4,29,0.00,0.00),(81,1,4,31,0.00,0.00),(82,1,4,28,0.00,0.00),(83,1,4,33,0.00,0.00),(84,1,4,35,0.00,0.00),(85,1,4,37,0.00,0.00),(86,1,4,34,0.00,0.00),(87,1,4,36,0.00,0.00),(216,1,5,6,250.00,7.62),(217,1,5,7,300.00,9.15),(218,1,5,8,-50.00,-1.52),(219,1,5,9,0.00,0.00),(220,1,5,10,0.00,0.00),(221,1,5,11,0.00,0.00),(222,1,5,12,-50.00,-1.52),(223,1,5,13,0.00,0.00),(224,1,5,14,0.00,0.00),(225,1,5,15,0.00,0.00),(226,1,5,16,-50.00,-1.52),(227,1,5,17,0.00,0.00),(228,1,5,18,0.00,0.00),(229,1,5,19,0.00,0.00),(230,1,5,20,0.00,0.00),(231,1,5,21,0.00,0.00),(232,1,5,22,0.00,0.00),(233,1,5,23,0.00,0.00),(234,1,5,24,0.00,0.00),(235,1,5,25,-50.00,-1.52),(236,1,5,26,0.00,0.00),(237,1,5,27,-50.00,-1.52),(238,1,5,28,0.00,0.00),(239,1,5,29,0.00,0.00),(240,1,5,30,0.00,0.00),(241,1,5,31,0.00,0.00),(242,1,5,32,0.00,0.00),(243,1,5,33,0.00,0.00),(244,1,5,34,0.00,0.00),(245,1,5,35,0.00,0.00),(246,1,5,36,0.00,0.00),(247,1,5,37,0.00,0.00),(824,1,6,6,100000.00,3049.65),(825,1,6,7,5000.00,152.48),(826,1,6,8,95000.00,2897.17),(827,1,6,9,1000.00,30.50),(828,1,6,10,500.00,15.25),(829,1,6,11,0.00,0.00),(830,1,6,12,96500.00,2942.91),(831,1,6,13,5000.00,152.48),(832,1,6,14,250.00,7.62),(833,1,6,15,5250.00,160.11),(834,1,6,16,91250.00,2782.81),(835,1,6,17,10000.00,304.97),(836,1,6,18,1500.00,45.74),(837,1,6,19,1500.00,45.74),(838,1,6,20,1250.00,38.12),(839,1,6,21,1250.00,38.12),(840,1,6,22,15500.00,472.70),(841,1,6,23,17000.00,518.44),(842,1,6,24,32500.00,991.14),(843,1,6,25,58750.00,1791.67),(844,1,6,26,0.00,0.00),(845,1,6,27,58750.00,1791.67),(846,1,6,28,15000.00,457.45),(847,1,6,29,30000.00,914.90),(848,1,6,30,12000.00,365.96),(849,1,6,31,1750.00,53.37),(850,1,6,32,0.00,0.00),(851,1,6,33,58750.00,1791.67),(852,1,6,34,0.00,0.00),(853,1,6,35,0.00,0.00),(854,1,6,36,0.00,0.00),(855,1,6,37,0.00,0.00),(1432,1,13,6,150000.00,4574.48),(1433,1,13,7,7500.00,228.72),(1434,1,13,8,142500.00,4345.75),(1435,1,13,9,1400.00,42.70),(1436,1,13,10,500.00,15.25),(1437,1,13,11,0.00,0.00),(1438,1,13,12,144400.00,4403.70),(1439,1,13,13,6000.00,182.98),(1440,1,13,14,250.00,7.62),(1441,1,13,15,6250.00,190.60),(1442,1,13,16,138150.00,4213.09),(1443,1,13,17,12000.00,365.96),(1444,1,13,18,1500.00,45.74),(1445,1,13,19,1800.00,54.89),(1446,1,13,20,1250.00,38.12),(1447,1,13,21,1500.00,45.74),(1448,1,13,22,18050.00,550.46),(1449,1,13,23,18000.00,548.94),(1450,1,13,24,36050.00,1099.40),(1451,1,13,25,102100.00,3113.69),(1452,1,13,26,0.00,0.00),(1453,1,13,27,102100.00,3113.69),(1454,1,13,28,29000.00,884.40),(1455,1,13,29,53000.00,1616.31),(1456,1,13,30,18000.00,548.94),(1457,1,13,31,2100.00,64.04),(1458,1,13,32,0.00,0.00),(1459,1,13,33,102100.00,3113.69),(1460,1,13,34,0.00,0.00),(1461,1,13,35,0.00,0.00),(1462,1,13,36,0.00,0.00),(1463,1,13,37,0.00,0.00),(1464,1,1,6,500.00,15.25),(1465,1,1,7,0.00,0.00),(1466,1,1,8,0.00,0.00),(1467,1,1,9,0.00,0.00),(1468,1,1,10,0.00,0.00),(1469,1,1,11,0.00,0.00),(1470,1,1,12,0.00,0.00),(1471,1,1,13,0.00,0.00),(1472,1,1,14,0.00,0.00),(1473,1,1,15,0.00,0.00),(1474,1,1,16,0.00,0.00),(1475,1,1,17,0.00,0.00),(1476,1,1,18,0.00,0.00),(1477,1,1,19,0.00,0.00),(1478,1,1,20,0.00,0.00),(1479,1,1,21,0.00,0.00),(1480,1,1,22,0.00,0.00),(1481,1,1,23,0.00,0.00),(1482,1,1,24,0.00,0.00),(1483,1,1,25,0.00,0.00),(1484,1,1,26,0.00,0.00),(1485,1,1,27,0.00,0.00),(1486,1,1,28,0.00,0.00),(1487,1,1,29,0.00,0.00),(1488,1,1,30,0.00,0.00),(1489,1,1,31,0.00,0.00),(1490,1,1,32,0.00,0.00),(1491,1,1,33,0.00,0.00),(1492,1,1,34,0.00,0.00),(1493,1,1,35,0.00,0.00),(1494,1,1,36,0.00,0.00),(1495,1,1,37,0.00,0.00),(1880,7,15,6,350000.00,10673.78),(1881,7,15,7,50000.00,1524.83),(1882,7,15,8,300000.00,9148.95),(1883,7,15,9,100000.00,3049.65),(1884,7,15,10,100000.00,3049.65),(1885,7,15,11,0.00,0.00),(1886,7,15,12,500000.00,15248.25),(1887,7,15,13,150000.00,4574.48),(1888,7,15,14,0.00,0.00),(1889,7,15,15,150000.00,4574.48),(1890,7,15,16,350000.00,10673.78),(1891,7,15,17,55000.00,1677.31),(1892,7,15,18,15000.00,457.45),(1893,7,15,19,15000.00,457.45),(1894,7,15,20,12500.00,381.21),(1895,7,15,21,12500.00,381.21),(1896,7,15,22,110000.00,3354.62),(1897,7,15,23,120000.00,3659.58),(1898,7,15,24,230000.00,7014.20),(1899,7,15,25,120000.00,3659.58),(1900,7,15,26,0.00,0.00),(1901,7,15,27,120000.00,3659.58),(1902,7,15,28,20000.00,609.93),(1903,7,15,29,60000.00,1829.79),(1904,7,15,30,35000.00,1067.38),(1905,7,15,31,5000.00,152.48),(1906,7,15,32,0.00,0.00),(1907,7,15,33,120000.00,3659.58),(1908,7,15,34,0.00,0.00),(1909,7,15,35,0.00,0.00),(1910,7,15,36,0.00,0.00),(1911,7,15,37,0.00,0.00),(2104,7,16,6,480000.00,14638.32),(2105,7,16,7,65000.00,1982.27),(2106,7,16,8,415000.00,12656.05),(2107,7,16,9,120000.00,3659.58),(2108,7,16,10,100000.00,3049.65),(2109,7,16,11,0.00,0.00),(2110,7,16,12,635000.00,19365.28),(2111,7,16,13,170000.00,5184.41),(2112,7,16,14,0.00,0.00),(2113,7,16,15,170000.00,5184.41),(2114,7,16,16,465000.00,14180.88),(2115,7,16,17,63000.00,1921.28),(2116,7,16,18,17500.00,533.69),(2117,7,16,19,16000.00,487.94),(2118,7,16,20,12500.00,381.21),(2119,7,16,21,12500.00,381.21),(2120,7,16,22,121500.00,3705.33),(2121,7,16,23,120000.00,3659.58),(2122,7,16,24,241500.00,7364.91),(2123,7,16,25,223500.00,6815.97),(2124,7,16,26,0.00,0.00),(2125,7,16,27,223500.00,6815.97),(2126,7,16,28,20000.00,609.93),(2127,7,16,29,170000.00,5184.41),(2128,7,16,30,30000.00,914.90),(2129,7,16,31,3500.00,106.74),(2130,7,16,32,0.00,0.00),(2131,7,16,33,223500.00,6815.97),(2132,7,16,34,0.00,0.00),(2133,7,16,35,0.00,0.00),(2134,7,16,36,0.00,0.00),(2135,7,16,37,0.00,0.00),(2328,7,17,6,590000.00,17992.94),(2329,7,17,7,72000.00,2195.75),(2330,7,17,8,518000.00,15797.19),(2331,7,17,9,130000.00,3964.55),(2332,7,17,10,100000.00,3049.65),(2333,7,17,11,0.00,0.00),(2334,7,17,12,748000.00,22811.39),(2335,7,17,13,210000.00,6404.27),(2336,7,17,14,0.00,0.00),(2337,7,17,15,210000.00,6404.27),(2338,7,17,16,538000.00,16407.12),(2339,7,17,17,65000.00,1982.27),(2340,7,17,18,18000.00,548.94),(2341,7,17,19,18000.00,548.94),(2342,7,17,20,12500.00,381.21),(2343,7,17,21,13500.00,411.70),(2344,7,17,22,127000.00,3873.06),(2345,7,17,23,120000.00,3659.58),(2346,7,17,24,247000.00,7532.64),(2347,7,17,25,291000.00,8874.48),(2348,7,17,26,0.00,0.00),(2349,7,17,27,291000.00,8874.48),(2350,7,17,28,40000.00,1219.86),(2351,7,17,29,210000.00,6404.27),(2352,7,17,30,35000.00,1067.38),(2353,7,17,31,6000.00,182.98),(2354,7,17,32,0.00,0.00),(2355,7,17,33,291000.00,8874.48),(2356,7,17,34,0.00,0.00),(2357,7,17,35,0.00,0.00),(2358,7,17,36,0.00,0.00),(2359,7,17,37,0.00,0.00),(2520,6,18,6,250000.00,7624.13),(2521,6,18,7,10000.00,304.97),(2522,6,18,8,240000.00,7319.16),(2523,6,18,9,15000.00,457.45),(2524,6,18,10,10000.00,304.97),(2525,6,18,11,0.00,0.00),(2526,6,18,12,265000.00,8081.57),(2527,6,18,13,28000.00,853.90),(2528,6,18,14,0.00,0.00),(2529,6,18,15,28000.00,853.90),(2530,6,18,16,237000.00,7227.67),(2531,6,18,17,35000.00,1067.38),(2532,6,18,18,17900.00,545.89),(2533,6,18,19,18400.00,561.14),(2534,6,18,20,17000.00,518.44),(2535,6,18,21,18600.00,567.24),(2536,6,18,22,106900.00,3260.08),(2537,6,18,23,25000.00,762.41),(2538,6,18,24,131900.00,4022.49),(2539,6,18,25,105100.00,3205.18),(2540,6,18,26,0.00,0.00),(2541,6,18,27,105100.00,3205.18),(2542,6,18,28,30000.00,914.90),(2543,6,18,29,60000.00,1829.79),(2544,6,18,30,13000.00,396.45),(2545,6,18,31,2100.00,64.04),(2546,6,18,32,0.00,0.00),(2547,6,18,33,105100.00,3205.18),(2548,6,18,34,0.00,0.00),(2549,6,18,35,0.00,0.00),(2550,6,18,36,0.00,0.00),(2551,6,18,37,0.00,0.00),(2712,6,19,6,280000.00,8539.02),(2713,6,19,7,12000.00,365.96),(2714,6,19,8,268000.00,8173.06),(2715,6,19,9,17000.00,518.44),(2716,6,19,10,10000.00,304.97),(2717,6,19,11,0.00,0.00),(2718,6,19,12,295000.00,8996.47),(2719,6,19,13,31000.00,945.39),(2720,6,19,14,0.00,0.00),(2721,6,19,15,31000.00,945.39),(2722,6,19,16,264000.00,8051.08),(2723,6,19,17,36700.00,1119.22),(2724,6,19,18,17500.00,533.69),(2725,6,19,19,20000.00,609.93),(2726,6,19,20,17000.00,518.44),(2727,6,19,21,19000.00,579.43),(2728,6,19,22,110200.00,3360.72),(2729,6,19,23,25000.00,762.41),(2730,6,19,24,135200.00,4123.13),(2731,6,19,25,128800.00,3927.95),(2732,6,19,26,0.00,0.00),(2733,6,19,27,128800.00,3927.95),(2734,6,19,28,40000.00,1219.86),(2735,6,19,29,70000.00,2134.76),(2736,6,19,30,17000.00,518.44),(2737,6,19,31,1800.00,54.89),(2738,6,19,32,0.00,0.00),(2739,6,19,33,128800.00,3927.95),(2740,6,19,34,0.00,0.00),(2741,6,19,35,0.00,0.00),(2742,6,19,36,0.00,0.00),(2743,6,19,37,0.00,0.00),(2968,6,20,6,320000.00,9758.88),(2969,6,20,7,17000.00,518.44),(2970,6,20,8,303000.00,9240.44),(2971,6,20,9,17800.00,542.84),(2972,6,20,10,10000.00,304.97),(2973,6,20,11,0.00,0.00),(2974,6,20,12,330800.00,10088.24),(2975,6,20,13,34000.00,1036.88),(2976,6,20,14,0.00,0.00),(2977,6,20,15,34000.00,1036.88),(2978,6,20,16,296800.00,9051.36),(2979,6,20,17,37400.00,1140.57),(2980,6,20,18,18000.00,548.94),(2981,6,20,19,18000.00,548.94),(2982,6,20,20,17000.00,518.44),(2983,6,20,21,19000.00,579.43),(2984,6,20,22,109400.00,3336.32),(2985,6,20,23,25000.00,762.41),(2986,6,20,24,134400.00,4098.73),(2987,6,20,25,162400.00,4952.63),(2988,6,20,26,0.00,0.00),(2989,6,20,27,162400.00,4952.63),(2990,6,20,28,50000.00,1524.83),(2991,6,20,29,80000.00,2439.72),(2992,6,20,30,29000.00,884.40),(2993,6,20,31,3400.00,103.69),(2994,6,20,32,0.00,0.00),(2995,6,20,33,162400.00,4952.63),(2996,6,20,34,0.00,0.00),(2997,6,20,35,0.00,0.00),(2998,6,20,36,0.00,0.00),(2999,6,20,37,0.00,0.00),(3032,1,9,6,100000.00,3049.65),(3033,1,9,7,5000.00,152.48),(3034,1,9,8,95000.00,2897.17),(3035,1,9,9,1000.00,30.50),(3036,1,9,10,500.00,15.25),(3037,1,9,11,0.00,0.00),(3038,1,9,12,96500.00,2942.91),(3039,1,9,13,5000.00,152.48),(3040,1,9,14,250.00,7.62),(3041,1,9,15,5250.00,160.11),(3042,1,9,16,91250.00,2782.81),(3043,1,9,17,10000.00,304.97),(3044,1,9,18,1500.00,45.74),(3045,1,9,19,1500.00,45.74),(3046,1,9,20,1250.00,38.12),(3047,1,9,21,1250.00,38.12),(3048,1,9,22,15500.00,472.70),(3049,1,9,23,17000.00,518.44),(3050,1,9,24,32500.00,991.14),(3051,1,9,25,58750.00,1791.67),(3052,1,9,26,0.00,0.00),(3053,1,9,27,58750.00,1791.67),(3054,1,9,28,15000.00,457.45),(3055,1,9,29,30000.00,914.90),(3056,1,9,30,12000.00,365.96),(3057,1,9,31,1750.00,53.37),(3058,1,9,32,0.00,0.00),(3059,1,9,33,58750.00,1791.67),(3060,1,9,34,0.00,0.00),(3061,1,9,35,0.00,0.00),(3062,1,9,36,0.00,0.00),(3063,1,9,37,0.00,0.00),(3064,1,11,6,120000.00,3659.58),(3065,1,11,7,6000.00,182.98),(3066,1,11,8,114000.00,3476.60),(3067,1,11,9,1200.00,36.60),(3068,1,11,10,500.00,15.25),(3069,1,11,11,0.00,0.00),(3070,1,11,12,115700.00,3528.45),(3071,1,11,13,5500.00,167.73),(3072,1,11,14,250.00,7.62),(3073,1,11,15,5750.00,175.35),(3074,1,11,16,109950.00,3353.09),(3075,1,11,17,11000.00,335.46),(3076,1,11,18,1500.00,45.74),(3077,1,11,19,1600.00,48.79),(3078,1,11,20,1250.00,38.12),(3079,1,11,21,1400.00,42.70),(3080,1,11,22,16750.00,510.82),(3081,1,11,23,18000.00,548.94),(3082,1,11,24,34750.00,1059.75),(3083,1,11,25,75200.00,2293.34),(3084,1,11,26,0.00,0.00),(3085,1,11,27,75200.00,2293.34),(3086,1,11,28,20000.00,609.93),(3087,1,11,29,40000.00,1219.86),(3088,1,11,30,13500.00,411.70),(3089,1,11,31,1700.00,51.84),(3090,1,11,32,0.00,0.00),(3091,1,11,33,75200.00,2293.34),(3092,1,11,34,0.00,0.00),(3093,1,11,35,0.00,0.00),(3094,1,11,36,0.00,0.00),(3095,1,11,37,0.00,0.00),(3288,4,21,6,50000.00,1524.83),(3289,4,21,7,1500.00,45.74),(3290,4,21,8,48500.00,1479.08),(3291,4,21,9,500.00,15.25),(3292,4,21,10,500.00,15.25),(3293,4,21,11,0.00,0.00),(3294,4,21,12,49500.00,1509.58),(3295,4,21,13,5000.00,152.48),(3296,4,21,14,0.00,0.00),(3297,4,21,15,5000.00,152.48),(3298,4,21,16,44500.00,1357.09),(3299,4,21,17,8000.00,243.97),(3300,4,21,18,1500.00,45.74),(3301,4,21,19,1500.00,45.74),(3302,4,21,20,1250.00,38.12),(3303,4,21,21,1250.00,38.12),(3304,4,21,22,13500.00,411.70),(3305,4,21,23,17000.00,518.44),(3306,4,21,24,30500.00,930.14),(3307,4,21,25,14000.00,426.95),(3308,4,21,26,0.00,0.00),(3309,4,21,27,14000.00,426.95),(3310,4,21,28,1000.00,30.50),(3311,4,21,29,7000.00,213.48),(3312,4,21,30,5000.00,152.48),(3313,4,21,31,1000.00,30.50),(3314,4,21,32,0.00,0.00),(3315,4,21,33,14000.00,426.95),(3316,4,21,34,0.00,0.00),(3317,4,21,35,0.00,0.00),(3318,4,21,36,0.00,0.00),(3319,4,21,37,0.00,0.00),(3512,4,22,6,62000.00,1890.78),(3513,4,22,7,1800.00,54.89),(3514,4,22,8,60200.00,1835.89),(3515,4,22,9,500.00,15.25),(3516,4,22,10,500.00,15.25),(3517,4,22,11,0.00,0.00),(3518,4,22,12,61200.00,1866.39),(3519,4,22,13,6000.00,182.98),(3520,4,22,14,0.00,0.00),(3521,4,22,15,6000.00,182.98),(3522,4,22,16,55200.00,1683.41),(3523,4,22,17,8200.00,250.07),(3524,4,22,18,1500.00,45.74),(3525,4,22,19,1600.00,48.79),(3526,4,22,20,1250.00,38.12),(3527,4,22,21,1400.00,42.70),(3528,4,22,22,13950.00,425.43),(3529,4,22,23,18000.00,548.94),(3530,4,22,24,31950.00,974.36),(3531,4,22,25,23250.00,709.04),(3532,4,22,26,0.00,0.00),(3533,4,22,27,23250.00,709.04),(3534,4,22,28,1000.00,30.50),(3535,4,22,29,12000.00,365.96),(3536,4,22,30,9000.00,274.47),(3537,4,22,31,1250.00,38.12),(3538,4,22,32,0.00,0.00),(3539,4,22,33,23250.00,709.04),(3540,4,22,34,0.00,0.00),(3541,4,22,35,0.00,0.00),(3542,4,22,36,0.00,0.00),(3543,4,22,37,0.00,0.00),(3736,4,23,6,69000.00,2104.26),(3737,4,23,7,2000.00,60.99),(3738,4,23,8,67000.00,2043.27),(3739,4,23,9,500.00,15.25),(3740,4,23,10,500.00,15.25),(3741,4,23,11,0.00,0.00),(3742,4,23,12,68000.00,2073.76),(3743,4,23,13,7000.00,213.48),(3744,4,23,14,0.00,0.00),(3745,4,23,15,7000.00,213.48),(3746,4,23,16,61000.00,1860.29),(3747,4,23,17,8500.00,259.22),(3748,4,23,18,1500.00,45.74),(3749,4,23,19,1800.00,54.89),(3750,4,23,20,1250.00,38.12),(3751,4,23,21,1500.00,45.74),(3752,4,23,22,14550.00,443.72),(3753,4,23,23,18000.00,548.94),(3754,4,23,24,32550.00,992.66),(3755,4,23,25,28450.00,867.63),(3756,4,23,26,0.00,0.00),(3757,4,23,27,28450.00,867.63),(3758,4,23,28,1000.00,30.50),(3759,4,23,29,14000.00,426.95),(3760,4,23,30,12000.00,365.96),(3761,4,23,31,1450.00,44.22),(3762,4,23,32,0.00,0.00),(3763,4,23,33,28450.00,867.63),(3764,4,23,34,0.00,0.00),(3765,4,23,35,0.00,0.00),(3766,4,23,36,0.00,0.00),(3767,4,23,37,0.00,0.00),(3992,5,24,6,42000.00,1280.85),(3993,5,24,7,3000.00,91.49),(3994,5,24,8,39000.00,1189.36),(3995,5,24,9,1500.00,45.74),(3996,5,24,10,1000.00,30.50),(3997,5,24,11,0.00,0.00),(3998,5,24,12,41500.00,1265.61),(3999,5,24,13,15000.00,457.45),(4000,5,24,14,0.00,0.00),(4001,5,24,15,15000.00,457.45),(4002,5,24,16,26500.00,808.16),(4003,5,24,17,5500.00,167.73),(4004,5,24,18,1500.00,45.74),(4005,5,24,19,1500.00,45.74),(4006,5,24,20,1250.00,38.12),(4007,5,24,21,1250.00,38.12),(4008,5,24,22,11000.00,335.46),(4009,5,24,23,8000.00,243.97),(4010,5,24,24,19000.00,579.43),(4011,5,24,25,7500.00,228.72),(4012,5,24,26,0.00,0.00),(4013,5,24,27,7500.00,228.72),(4014,5,24,28,2000.00,60.99),(4015,5,24,29,3800.00,115.89),(4016,5,24,30,1200.00,36.60),(4017,5,24,31,500.00,15.25),(4018,5,24,32,0.00,0.00),(4019,5,24,33,7500.00,228.72),(4020,5,24,34,0.00,0.00),(4021,5,24,35,0.00,0.00),(4022,5,24,36,0.00,0.00),(4023,5,24,37,0.00,0.00),(4216,5,25,6,48000.00,1463.83),(4217,5,25,7,3500.00,106.74),(4218,5,25,8,44500.00,1357.09),(4219,5,25,9,1700.00,51.84),(4220,5,25,10,1000.00,30.50),(4221,5,25,11,0.00,0.00),(4222,5,25,12,47200.00,1439.44),(4223,5,25,13,17000.00,518.44),(4224,5,25,14,0.00,0.00),(4225,5,25,15,17000.00,518.44),(4226,5,25,16,30200.00,920.99),(4227,5,25,17,5800.00,176.88),(4228,5,25,18,1500.00,45.74),(4229,5,25,19,1600.00,48.79),(4230,5,25,20,1250.00,38.12),(4231,5,25,21,1250.00,38.12),(4232,5,25,22,11400.00,347.66),(4233,5,25,23,8000.00,243.97),(4234,5,25,24,19400.00,591.63),(4235,5,25,25,10800.00,329.36),(4236,5,25,26,0.00,0.00),(4237,5,25,27,10800.00,329.36),(4238,5,25,28,2000.00,60.99),(4239,5,25,29,6800.00,207.38),(4240,5,25,30,1500.00,45.74),(4241,5,25,31,500.00,15.25),(4242,5,25,32,0.00,0.00),(4243,5,25,33,10800.00,329.36),(4244,5,25,34,0.00,0.00),(4245,5,25,35,0.00,0.00),(4246,5,25,36,0.00,0.00),(4247,5,25,37,0.00,0.00),(4440,5,26,6,59000.00,1799.29),(4441,5,26,7,3800.00,115.89),(4442,5,26,8,55200.00,1683.41),(4443,5,26,9,1800.00,54.89),(4444,5,26,10,1000.00,30.50),(4445,5,26,11,0.00,0.00),(4446,5,26,12,58000.00,1768.80),(4447,5,26,13,23000.00,701.42),(4448,5,26,14,0.00,0.00),(4449,5,26,15,23000.00,701.42),(4450,5,26,16,35000.00,1067.38),(4451,5,26,17,6100.00,186.03),(4452,5,26,18,1800.00,54.89),(4453,5,26,19,1800.00,54.89),(4454,5,26,20,1250.00,38.12),(4455,5,26,21,1250.00,38.12),(4456,5,26,22,12200.00,372.06),(4457,5,26,23,8000.00,243.97),(4458,5,26,24,20200.00,616.03),(4459,5,26,25,14800.00,451.35),(4460,5,26,26,0.00,0.00),(4461,5,26,27,14800.00,451.35),(4462,5,26,28,2000.00,60.99),(4463,5,26,29,9900.00,301.92),(4464,5,26,30,2400.00,73.19),(4465,5,26,31,500.00,15.25),(4466,5,26,32,0.00,0.00),(4467,5,26,33,14800.00,451.35),(4468,5,26,34,0.00,0.00),(4469,5,26,35,0.00,0.00),(4470,5,26,36,0.00,0.00),(4471,5,26,37,0.00,0.00),(4664,8,27,6,12000.00,365.96),(4665,8,27,7,500.00,15.25),(4666,8,27,8,11500.00,350.71),(4667,8,27,9,500.00,15.25),(4668,8,27,10,500.00,15.25),(4669,8,27,11,0.00,0.00),(4670,8,27,12,12500.00,381.21),(4671,8,27,13,2800.00,85.39),(4672,8,27,14,0.00,0.00),(4673,8,27,15,2800.00,85.39),(4674,8,27,16,9700.00,295.82),(4675,8,27,17,2000.00,60.99),(4676,8,27,18,500.00,15.25),(4677,8,27,19,700.00,21.35),(4678,8,27,20,700.00,21.35),(4679,8,27,21,800.00,24.40),(4680,8,27,22,4700.00,143.33),(4681,8,27,23,2500.00,76.24),(4682,8,27,24,7200.00,219.57),(4683,8,27,25,2500.00,76.24),(4684,8,27,26,0.00,0.00),(4685,8,27,27,2500.00,76.24),(4686,8,27,28,200.00,6.10),(4687,8,27,29,2000.00,60.99),(4688,8,27,30,300.00,9.15),(4689,8,27,31,0.00,0.00),(4690,8,27,32,0.00,0.00),(4691,8,27,33,2500.00,76.24),(4692,8,27,34,0.00,0.00),(4693,8,27,35,0.00,0.00),(4694,8,27,36,0.00,0.00),(4695,8,27,37,0.00,0.00),(4920,8,28,6,14300.00,436.10),(4921,8,28,7,500.00,15.25),(4922,8,28,8,13800.00,420.85),(4923,8,28,9,500.00,15.25),(4924,8,28,10,500.00,15.25),(4925,8,28,11,0.00,0.00),(4926,8,28,12,14800.00,451.35),(4927,8,28,13,3100.00,94.54),(4928,8,28,14,0.00,0.00),(4929,8,28,15,3100.00,94.54),(4930,8,28,16,11700.00,356.81),(4931,8,28,17,2200.00,67.09),(4932,8,28,18,500.00,15.25),(4933,8,28,19,800.00,24.40),(4934,8,28,20,700.00,21.35),(4935,8,28,21,800.00,24.40),(4936,8,28,22,5000.00,152.48),(4937,8,28,23,2500.00,76.24),(4938,8,28,24,7500.00,228.72),(4939,8,28,25,4200.00,128.09),(4940,8,28,26,0.00,0.00),(4941,8,28,27,4200.00,128.09),(4942,8,28,28,200.00,6.10),(4943,8,28,29,3200.00,97.59),(4944,8,28,30,800.00,24.40),(4945,8,28,31,0.00,0.00),(4946,8,28,32,0.00,0.00),(4947,8,28,33,4200.00,128.09),(4948,8,28,34,0.00,0.00),(4949,8,28,35,0.00,0.00),(4950,8,28,36,0.00,0.00),(4951,8,28,37,0.00,0.00),(5144,8,29,6,16700.00,509.29),(5145,8,29,7,500.00,15.25),(5146,8,29,8,16200.00,494.04),(5147,8,29,9,500.00,15.25),(5148,8,29,10,500.00,15.25),(5149,8,29,11,0.00,0.00),(5150,8,29,12,17200.00,524.54),(5151,8,29,13,3400.00,103.69),(5152,8,29,14,0.00,0.00),(5153,8,29,15,3400.00,103.69),(5154,8,29,16,13800.00,420.85),(5155,8,29,17,2200.00,67.09),(5156,8,29,18,500.00,15.25),(5157,8,29,19,800.00,24.40),(5158,8,29,20,700.00,21.35),(5159,8,29,21,800.00,24.40),(5160,8,29,22,5000.00,152.48),(5161,8,29,23,2500.00,76.24),(5162,8,29,24,7500.00,228.72),(5163,8,29,25,6300.00,192.13),(5164,8,29,26,0.00,0.00),(5165,8,29,27,6300.00,192.13),(5166,8,29,28,200.00,6.10),(5167,8,29,29,4700.00,143.33),(5168,8,29,30,1400.00,42.70),(5169,8,29,31,0.00,0.00),(5170,8,29,32,0.00,0.00),(5171,8,29,33,6300.00,192.13),(5172,8,29,34,0.00,0.00),(5173,8,29,35,0.00,0.00),(5174,8,29,36,0.00,0.00),(5175,8,29,37,0.00,0.00);
/*!40000 ALTER TABLE `pu_is` ENABLE KEYS */;
UNLOCK TABLES;

--
-- Table structure for table `pu_less_member_service`
--

DROP TABLE IF EXISTS `pu_less_member_service`;
/*!40101 SET @saved_cs_client     = @@character_set_client */;
/*!40101 SET character_set_client = utf8 */;
CREATE TABLE `pu_less_member_service` (
  `id` int(11) NOT NULL AUTO_INCREMENT,
  `primary_union_id` int(11) DEFAULT NULL,
  `pu_datasheet_id` int(11) DEFAULT NULL,
  `area_id` int(11) DEFAULT NULL,
  `gender_id` int(11) NOT NULL,
  `male` int(11) DEFAULT NULL,
  `female` int(11) DEFAULT NULL,
  `savings` int(11) DEFAULT NULL,
  `outstanding` int(11) DEFAULT NULL,
  `total_granted` int(11) DEFAULT NULL,
  `total` int(11) DEFAULT NULL,
  `savings_us` decimal(10,2) NOT NULL,
  `outstanding_us` decimal(10,2) NOT NULL,
  `total_granted_us` decimal(10,2) NOT NULL,
  PRIMARY KEY (`id`)
) ENGINE=InnoDB AUTO_INCREMENT=662 DEFAULT CHARSET=utf8;
/*!40101 SET character_set_client = @saved_cs_client */;

--
-- Dumping data for table `pu_less_member_service`
--

LOCK TABLES `pu_less_member_service` WRITE;
/*!40000 ALTER TABLE `pu_less_member_service` DISABLE KEYS */;
INSERT INTO `pu_less_member_service` VALUES (42,1,5,1,1,NULL,NULL,0,0,0,0,0.00,0.00,0.00),(43,1,5,1,2,NULL,NULL,0,0,0,0,0.00,0.00,0.00),(44,1,5,2,1,NULL,NULL,0,0,0,0,0.00,0.00,0.00),(45,1,5,2,2,NULL,NULL,0,0,0,0,0.00,0.00,0.00),(118,1,6,1,1,NULL,NULL,1000000,250000,1500000,100,30496.51,7624.13,45744.76),(119,1,6,1,2,NULL,NULL,1500000,300000,2000000,200,45744.76,9148.95,60993.02),(120,1,6,2,1,NULL,NULL,500000,50000,200000,50,15248.25,1524.83,6099.30),(121,1,6,2,2,NULL,NULL,1250000,100000,1000000,150,38120.63,3049.65,30496.51),(194,1,13,1,1,NULL,NULL,130000,26500,165000,130,3964.55,808.16,5031.92),(195,1,13,1,2,NULL,NULL,167000,29000,220000,235,5092.92,884.40,6709.23),(196,1,13,2,1,NULL,NULL,60000,5500,24000,60,1829.79,167.73,731.92),(197,1,13,2,2,NULL,NULL,148000,11500,114000,175,4513.48,350.71,3476.60),(198,1,1,1,1,NULL,NULL,0,0,0,0,0.00,0.00,0.00),(199,1,1,1,2,NULL,NULL,0,0,0,0,0.00,0.00,0.00),(200,1,1,2,1,NULL,NULL,0,0,0,0,0.00,0.00,0.00),(201,1,1,2,2,NULL,NULL,0,0,0,0,0.00,0.00,0.00),(250,7,15,1,1,NULL,NULL,1000000,250000,1500000,250,30496.51,7624.13,45744.76),(251,7,15,1,2,NULL,NULL,1500000,300000,2000000,400,45744.76,9148.95,60993.02),(252,7,15,2,1,NULL,NULL,500000,50000,200000,150,15248.25,1524.83,6099.30),(253,7,15,2,2,NULL,NULL,1250000,100000,1000000,500,38120.63,3049.65,30496.51),(278,7,16,1,1,NULL,NULL,1050000,280000,1720000,260,32021.33,8539.02,52453.99),(279,7,16,1,2,NULL,NULL,1550000,290000,2300000,410,47269.59,8843.99,70141.97),(280,7,16,2,1,NULL,NULL,630000,55000,230000,180,19212.80,1677.31,7014.20),(281,7,16,2,2,NULL,NULL,1300000,90000,1080000,525,39645.46,2744.69,32936.23),(306,7,17,1,1,NULL,NULL,1070000,270000,1790000,260,32631.26,8234.06,54588.75),(307,7,17,1,2,NULL,NULL,1590000,280000,2340000,420,48489.45,8539.02,71361.83),(308,7,17,2,1,NULL,NULL,650000,57000,240000,190,19822.73,1738.30,7319.16),(309,7,17,2,2,NULL,NULL,1320000,110000,1100000,540,40255.39,3354.62,33546.16),(330,6,18,1,1,NULL,NULL,240000,50000,350000,120,7319.16,1524.83,10673.78),(331,6,18,1,2,NULL,NULL,360000,63000,432000,300,10978.74,1921.28,13174.49),(332,6,18,2,1,NULL,NULL,304000,98000,434000,250,9270.94,2988.66,13235.48),(333,6,18,2,2,NULL,NULL,670000,72000,730000,450,20432.66,2195.75,22262.45),(354,6,19,1,1,NULL,NULL,260000,48000,370000,125,7929.09,1463.83,11283.71),(355,6,19,1,2,NULL,NULL,400000,67000,444000,320,12198.60,2043.27,13540.45),(356,6,19,2,1,NULL,NULL,323000,100000,457000,260,9850.37,3049.65,13936.90),(357,6,19,2,2,NULL,NULL,704000,80000,770000,460,21469.54,2439.72,23482.31),(386,6,20,1,1,NULL,NULL,286000,50000,390000,130,8722.00,1524.83,11893.64),(387,6,20,1,2,NULL,NULL,500000,69000,480000,330,15248.25,2104.26,14638.32),(388,6,20,2,1,NULL,NULL,368000,103000,492000,265,11222.71,3141.14,15004.28),(389,6,20,2,2,NULL,NULL,778000,86000,840000,475,23726.28,2622.70,25617.07),(394,1,9,1,1,NULL,NULL,100000,25000,150000,100,3049.65,762.41,4574.48),(395,1,9,1,2,NULL,NULL,150000,30000,200000,200,4574.48,914.90,6099.30),(396,1,9,2,1,NULL,NULL,50000,5000,20000,50,1524.83,152.48,609.93),(397,1,9,2,2,NULL,NULL,125000,10000,100000,150,3812.06,304.97,3049.65),(398,1,11,1,1,NULL,NULL,120000,26000,160000,120,3659.58,792.91,4879.44),(399,1,11,1,2,NULL,NULL,160000,28000,210000,230,4879.44,853.90,6404.27),(400,1,11,2,1,NULL,NULL,55000,5300,23000,55,1677.31,161.63,701.42),(401,1,11,2,2,NULL,NULL,135000,9500,110000,165,4117.03,289.72,3354.62),(426,4,21,1,1,NULL,NULL,25000,7000,43000,25,762.41,213.48,1311.35),(427,4,21,1,2,NULL,NULL,40000,6000,56000,40,1219.86,182.98,1707.80),(428,4,21,3,1,NULL,NULL,50000,6500,78000,50,1524.83,198.23,2378.73),(429,4,21,3,2,NULL,NULL,90000,7800,108000,90,2744.69,237.87,3293.62),(454,4,22,1,1,NULL,NULL,28000,6700,49000,25,853.90,204.33,1494.33),(455,4,22,1,2,NULL,NULL,49000,6200,61000,45,1494.33,189.08,1860.29),(456,4,22,3,1,NULL,NULL,63000,6100,83000,55,1921.28,186.03,2531.21),(457,4,22,3,2,NULL,NULL,110000,8100,112000,100,3354.62,247.02,3415.61),(482,4,23,1,1,NULL,NULL,32000,6500,51000,30,975.89,198.23,1555.32),(483,4,23,1,2,NULL,NULL,51000,5800,63000,45,1555.32,176.88,1921.28),(484,4,23,3,1,NULL,NULL,67000,5700,87000,55,2043.27,173.83,2653.20),(485,4,23,3,2,NULL,NULL,118000,7700,123000,105,3598.59,234.82,3751.07),(514,5,24,1,1,NULL,NULL,20000,2000,27000,20,609.93,60.99,823.41),(515,5,24,1,2,NULL,NULL,40000,4200,48000,40,1219.86,128.09,1463.83),(516,5,24,2,1,NULL,NULL,50000,5000,55000,50,1524.83,152.48,1677.31),(517,5,24,2,2,NULL,NULL,75000,7000,86000,75,2287.24,213.48,2622.70),(542,5,25,1,1,NULL,NULL,23000,2200,31000,20,701.42,67.09,945.39),(543,5,25,1,2,NULL,NULL,50000,4000,53000,45,1524.83,121.99,1616.31),(544,5,25,2,1,NULL,NULL,61000,4800,60000,55,1860.29,146.38,1829.79),(545,5,25,2,2,NULL,NULL,87000,6900,93000,80,2653.20,210.43,2836.18),(570,5,26,1,1,NULL,NULL,30000,2400,35000,25,914.90,73.19,1067.38),(571,5,26,1,2,NULL,NULL,53000,3600,59000,45,1616.31,109.79,1799.29),(572,5,26,2,1,NULL,NULL,68000,6000,66000,60,2073.76,182.98,2012.77),(573,5,26,2,2,NULL,NULL,91000,7400,97000,80,2775.18,225.67,2958.16),(598,8,27,1,1,NULL,NULL,15000,1000,18000,15,457.45,30.50,548.94),(599,8,27,1,2,NULL,NULL,20000,2000,23000,20,609.93,60.99,701.42),(600,8,27,3,1,NULL,NULL,30000,3000,37000,30,914.90,91.49,1128.37),(601,8,27,3,2,NULL,NULL,70000,5600,83000,70,2134.76,170.78,2531.21),(630,8,28,1,1,NULL,NULL,18000,1200,21000,15,548.94,36.60,640.43),(631,8,28,1,2,NULL,NULL,27000,1800,23000,25,823.41,54.89,701.42),(632,8,28,3,1,NULL,NULL,34000,3300,41000,30,1036.88,100.64,1250.36),(633,8,28,3,2,NULL,NULL,82000,6100,92000,75,2500.71,186.03,2805.68),(658,8,29,1,1,NULL,NULL,20000,1000,23000,15,609.93,30.50,701.42),(659,8,29,1,2,NULL,NULL,31000,1500,26000,20,945.39,45.74,792.91),(660,8,29,3,1,NULL,NULL,38000,3000,44000,30,1158.87,91.49,1341.85),(661,8,29,3,2,NULL,NULL,86000,6000,96000,70,2622.70,182.98,2927.66);
/*!40000 ALTER TABLE `pu_less_member_service` ENABLE KEYS */;
UNLOCK TABLES;

--
-- Table structure for table `pu_market`
--

DROP TABLE IF EXISTS `pu_market`;
/*!40101 SET @saved_cs_client     = @@character_set_client */;
/*!40101 SET character_set_client = utf8 */;
CREATE TABLE `pu_market` (
  `id` int(11) NOT NULL AUTO_INCREMENT,
  `primary_union_id` int(11) DEFAULT NULL,
  `pu_datasheet_id` int(11) DEFAULT NULL,
  `area_id` int(11) DEFAULT NULL,
  `gender_id` int(11) NOT NULL,
  `farmer` int(11) DEFAULT NULL,
  `employee` int(11) DEFAULT NULL,
  `microb` int(11) DEFAULT NULL,
  PRIMARY KEY (`id`)
) ENGINE=InnoDB AUTO_INCREMENT=662 DEFAULT CHARSET=utf8;
/*!40101 SET character_set_client = @saved_cs_client */;

--
-- Dumping data for table `pu_market`
--

LOCK TABLES `pu_market` WRITE;
/*!40000 ALTER TABLE `pu_market` DISABLE KEYS */;
INSERT INTO `pu_market` VALUES (42,1,5,1,1,200,1,2),(43,1,5,1,2,200,200,200),(44,1,5,2,1,3,1,1),(45,1,5,2,2,2,1,1),(118,1,6,1,1,100,100,50),(119,1,6,1,2,200,200,100),(120,1,6,2,1,150,150,50),(121,1,6,2,2,200,200,150),(194,1,13,1,1,113,110,52),(195,1,13,1,2,215,202,98),(196,1,13,2,1,160,145,55),(197,1,13,2,2,215,204,151),(198,1,1,1,1,0,0,0),(199,1,1,1,2,0,0,0),(200,1,1,2,1,0,0,0),(201,1,1,2,2,0,0,0),(250,7,15,1,1,1000,1000,500),(251,7,15,1,2,2000,2000,1000),(252,7,15,2,1,1500,1500,500),(253,7,15,2,2,2000,2000,1500),(278,7,16,1,1,1100,1200,550),(279,7,16,1,2,2050,2200,1070),(280,7,16,2,1,1560,1550,500),(281,7,16,2,2,2050,2070,1500),(306,7,17,1,1,1130,1240,550),(307,7,17,1,2,2090,2210,1080),(308,7,17,2,1,1600,1560,520),(309,7,17,2,2,2080,2090,1500),(330,6,18,1,1,800,450,250),(331,6,18,1,2,1000,300,450),(332,6,18,2,1,1000,300,500),(333,6,18,2,2,1200,200,700),(354,6,19,1,1,820,460,250),(355,6,19,1,2,1050,310,470),(356,6,19,2,1,1025,325,520),(357,6,19,2,2,1230,220,705),(386,6,20,1,1,830,460,255),(387,6,20,1,2,1060,315,475),(388,6,20,2,1,1030,330,520),(389,6,20,2,2,1240,230,710),(394,1,9,1,1,100,100,50),(395,1,9,1,2,200,200,100),(396,1,9,2,1,150,150,50),(397,1,9,2,2,200,200,150),(398,1,11,1,1,110,108,52),(399,1,11,1,2,210,200,95),(400,1,11,2,1,160,140,55),(401,1,11,2,2,210,200,150),(426,4,21,1,1,20,50,30),(427,4,21,1,2,40,70,40),(428,4,21,3,1,70,30,50),(429,4,21,3,2,90,20,60),(454,4,22,1,1,25,50,40),(455,4,22,1,2,40,80,40),(456,4,22,3,1,80,30,55),(457,4,22,3,2,95,20,65),(482,4,23,1,1,30,50,40),(483,4,23,1,2,40,85,40),(484,4,23,3,1,85,30,60),(485,4,23,3,2,100,20,70),(514,5,24,1,1,50,100,30),(515,5,24,1,2,40,120,40),(516,5,24,2,1,90,50,50),(517,5,24,2,2,100,20,60),(542,5,25,1,1,50,100,40),(543,5,25,1,2,45,120,45),(544,5,25,2,1,90,50,60),(545,5,25,2,2,100,25,65),(570,5,26,1,1,50,100,40),(571,5,26,1,2,45,120,45),(572,5,26,2,1,90,50,65),(573,5,26,2,2,0,30,70),(598,8,27,1,1,80,45,25),(599,8,27,1,2,100,30,45),(600,8,27,3,1,90,30,50),(601,8,27,3,2,120,20,70),(630,8,28,1,1,80,45,30),(631,8,28,1,2,105,30,45),(632,8,28,3,1,90,30,55),(633,8,28,3,2,120,20,75),(658,8,29,1,1,80,45,35),(659,8,29,1,2,105,35,45),(660,8,29,3,1,95,30,55),(661,8,29,3,2,120,20,75);
/*!40000 ALTER TABLE `pu_market` ENABLE KEYS */;
UNLOCK TABLES;

--
-- Table structure for table `pu_operations`
--

DROP TABLE IF EXISTS `pu_operations`;
/*!40101 SET @saved_cs_client     = @@character_set_client */;
/*!40101 SET character_set_client = utf8 */;
CREATE TABLE `pu_operations` (
  `id` int(11) NOT NULL AUTO_INCREMENT,
  `primary_union_id` int(11) DEFAULT NULL,
  `males` int(11) DEFAULT NULL,
  `females` int(11) DEFAULT NULL,
  `gtotal` int(11) DEFAULT NULL,
  `manager_male` int(11) DEFAULT NULL,
  `manager_female` int(11) DEFAULT NULL,
  `manager_total` int(11) DEFAULT NULL,
  `ops_male` int(11) DEFAULT NULL,
  `ops_female` int(11) DEFAULT NULL,
  `ops_total` int(11) DEFAULT NULL,
  `gm_male` int(11) DEFAULT NULL,
  `gm_female` int(11) DEFAULT NULL,
  `gm_total` int(11) DEFAULT NULL,
  `lm_male` int(11) DEFAULT NULL,
  `lm_female` int(11) DEFAULT NULL,
  `lm_total` int(11) DEFAULT NULL,
  `hr_male` int(11) DEFAULT NULL,
  `hr_female` int(11) DEFAULT NULL,
  `hr_total` int(11) DEFAULT NULL,
  `fa_male` int(11) DEFAULT NULL,
  `fa_female` int(11) DEFAULT NULL,
  `fa_total` int(11) DEFAULT NULL,
  `audit_male` int(11) DEFAULT NULL,
  `audit_female` int(11) DEFAULT NULL,
  `audit_total` int(11) DEFAULT NULL,
  `other_male` int(11) DEFAULT NULL,
  `other_female` int(11) DEFAULT NULL,
  `other_total` int(11) DEFAULT NULL,
  `bod_male` int(11) DEFAULT NULL,
  `bod_female` int(11) DEFAULT NULL,
  `bod_total` int(11) DEFAULT NULL,
  `bodmale` int(11) DEFAULT NULL,
  `bodfemale` int(11) DEFAULT NULL,
  `bodtotal` int(11) DEFAULT NULL,
  `edumale` int(11) DEFAULT NULL,
  `edufemale` int(11) DEFAULT NULL,
  `edutotal` int(11) DEFAULT NULL,
  `creditmale` int(11) DEFAULT NULL,
  `creditfemale` int(11) DEFAULT NULL,
  `credittotal` int(11) DEFAULT NULL,
  `auditmale` int(11) DEFAULT NULL,
  `auditfemale` int(11) DEFAULT NULL,
  `audittotal` int(11) DEFAULT NULL,
  `othermale` int(11) DEFAULT NULL,
  `otherfemale` int(11) DEFAULT NULL,
  `othertotal` int(11) DEFAULT NULL,
  `other_name` varchar(100) NOT NULL,
  PRIMARY KEY (`id`)
) ENGINE=InnoDB AUTO_INCREMENT=28 DEFAULT CHARSET=utf8;
/*!40101 SET character_set_client = @saved_cs_client */;

--
-- Dumping data for table `pu_operations`
--

LOCK TABLES `pu_operations` WRITE;
/*!40000 ALTER TABLE `pu_operations` DISABLE KEYS */;
INSERT INTO `pu_operations` VALUES (18,1,10,20,30,100,50,150,0,0,0,300,200,500,200,100,300,100,150,250,150,150,300,0,0,0,0,0,0,0,0,0,150,150,300,200,200,400,0,0,0,0,0,0,0,0,0,'test'),(23,7,5,5,10,1,1,2,4,4,8,1,1,2,2,2,4,0,1,1,1,1,2,1,0,1,0,0,0,3,2,5,8,6,14,2,1,3,1,2,3,2,1,3,0,0,0,'0'),(24,6,7,12,19,1,2,3,6,10,16,1,1,2,2,4,6,1,2,3,1,4,5,2,1,3,0,0,0,4,1,5,10,4,14,1,2,3,2,1,3,3,0,3,0,0,0,'0'),(25,4,5,7,12,1,1,2,4,6,10,1,0,1,2,2,4,0,2,2,0,3,3,0,0,0,0,0,0,3,2,5,6,5,11,0,0,0,2,1,3,1,2,3,0,0,0,'0'),(26,5,7,9,16,1,2,3,6,7,13,1,1,2,2,3,5,1,2,3,2,2,4,1,1,2,0,0,0,4,1,5,7,4,11,0,0,0,1,2,3,2,1,3,0,0,0,'0'),(27,8,10,10,20,1,1,2,9,9,18,1,1,2,3,2,5,2,3,5,3,3,6,1,1,2,0,0,0,3,2,5,7,7,14,1,2,3,2,1,3,1,2,3,0,0,0,'0');
/*!40000 ALTER TABLE `pu_operations` ENABLE KEYS */;
UNLOCK TABLES;

--
-- Table structure for table `pu_operations_area`
--

DROP TABLE IF EXISTS `pu_operations_area`;
/*!40101 SET @saved_cs_client     = @@character_set_client */;
/*!40101 SET character_set_client = utf8 */;
CREATE TABLE `pu_operations_area` (
  `id` int(11) NOT NULL AUTO_INCREMENT,
  `primary_union_id` int(11) DEFAULT NULL,
  `area_id` int(11) DEFAULT NULL,
  PRIMARY KEY (`id`)
) ENGINE=InnoDB AUTO_INCREMENT=48 DEFAULT CHARSET=utf8;
/*!40101 SET character_set_client = @saved_cs_client */;

--
-- Dumping data for table `pu_operations_area`
--

LOCK TABLES `pu_operations_area` WRITE;
/*!40000 ALTER TABLE `pu_operations_area` DISABLE KEYS */;
INSERT INTO `pu_operations_area` VALUES (29,1,1),(30,1,2),(38,7,1),(39,7,2),(40,6,1),(41,6,2),(42,4,1),(43,4,3),(44,5,1),(45,5,2),(46,8,1),(47,8,3);
/*!40000 ALTER TABLE `pu_operations_area` ENABLE KEYS */;
UNLOCK TABLES;

--
-- Table structure for table `pu_profile`
--

DROP TABLE IF EXISTS `pu_profile`;
/*!40101 SET @saved_cs_client     = @@character_set_client */;
/*!40101 SET character_set_client = utf8 */;
CREATE TABLE `pu_profile` (
  `id` int(11) NOT NULL AUTO_INCREMENT,
  `primary_union_id` int(11) DEFAULT NULL,
  `establishment` date DEFAULT NULL,
  `country` varchar(100) DEFAULT NULL,
  `name` varchar(100) DEFAULT NULL,
  `address` varchar(100) DEFAULT NULL,
  `city` varchar(100) DEFAULT NULL,
  `contact_person` varchar(100) DEFAULT NULL,
  `position` varchar(100) DEFAULT NULL,
  `phone` varchar(45) DEFAULT NULL,
  `fax` varchar(45) DEFAULT NULL,
  `email` varchar(45) DEFAULT NULL,
  `saved` int(11) DEFAULT '0',
  `locked` int(11) DEFAULT '0',
  PRIMARY KEY (`id`)
) ENGINE=InnoDB AUTO_INCREMENT=3 DEFAULT CHARSET=utf8;
/*!40101 SET character_set_client = @saved_cs_client */;

--
-- Dumping data for table `pu_profile`
--

LOCK TABLES `pu_profile` WRITE;
/*!40000 ALTER TABLE `pu_profile` DISABLE KEYS */;
INSERT INTO `pu_profile` VALUES (1,1,'2014-06-15',NULL,NULL,'1600 Prince St Apt 306','Alexandria','James','Founder','8035538112','4554645656','af8924b8632b41e3923c2a590b29e1b7@mail.marketp',0,0),(2,4,'2012-01-13',NULL,NULL,'411 U Tower Srinakarin Rd., Suanluang','Bangkok','Mr. Vivit Chareonsin','Program Assistant','+662-704-4254','+662-704-4255','vivit@aaccu.coop',1,0);
/*!40000 ALTER TABLE `pu_profile` ENABLE KEYS */;
UNLOCK TABLES;

--
-- Table structure for table `pu_service_distribution`
--

DROP TABLE IF EXISTS `pu_service_distribution`;
/*!40101 SET @saved_cs_client     = @@character_set_client */;
/*!40101 SET character_set_client = utf8 */;
CREATE TABLE `pu_service_distribution` (
  `id` int(11) NOT NULL AUTO_INCREMENT,
  `primary_union_id` int(11) DEFAULT NULL,
  `pu_datasheet_id` int(11) DEFAULT NULL,
  `service_id` int(11) DEFAULT NULL,
  `total` int(11) DEFAULT NULL,
  `male` int(11) DEFAULT NULL,
  `male_ratio` decimal(10,2) DEFAULT NULL,
  `female` int(11) DEFAULT NULL,
  `female_ratio` decimal(10,2) DEFAULT NULL,
  `youth` int(11) DEFAULT NULL,
  `youth_ratio` decimal(10,2) DEFAULT NULL,
  `none_member` int(11) DEFAULT NULL,
  `none_member_ratio` decimal(10,2) DEFAULT NULL,
  `male_us` decimal(10,2) NOT NULL,
  `female_us` decimal(10,2) NOT NULL,
  `youth_us` decimal(10,2) NOT NULL,
  `none_member_us` decimal(10,2) NOT NULL,
  `total_us` decimal(10,2) NOT NULL,
  PRIMARY KEY (`id`)
) ENGINE=InnoDB AUTO_INCREMENT=517 DEFAULT CHARSET=utf8;
/*!40101 SET character_set_client = @saved_cs_client */;

--
-- Dumping data for table `pu_service_distribution`
--

LOCK TABLES `pu_service_distribution` WRITE;
/*!40000 ALTER TABLE `pu_service_distribution` DISABLE KEYS */;
INSERT INTO `pu_service_distribution` VALUES (52,1,5,1,300,0,0.00,0,0.00,0,0.00,0,0.00,0.00,0.00,0.00,0.00,9.15),(53,1,5,2,0,0,0.00,0,0.00,0,0.00,0,0.00,0.00,0.00,0.00,0.00,0.00),(54,1,5,3,0,0,0.00,0,0.00,0,0.00,0,0.00,0.00,0.00,0.00,0.00,0.00),(109,1,6,1,12000,5000,41.67,6000,50.00,1000,8.33,0,0.00,152.48,182.98,30.50,0.00,365.96),(110,1,6,2,120000,40000,0.00,55000,0.00,15000,0.00,5000,0.00,1219.86,1677.31,457.45,152.48,3659.58),(111,1,6,3,152000,50000,0.00,102000,0.00,0,0.00,0,0.00,1524.83,3110.64,0.00,0.00,4635.47),(166,1,13,1,140000,56000,40.00,69000,49.29,15000,10.71,0,0.00,1707.80,2104.26,457.45,0.00,4269.51),(167,1,13,2,193000,70000,36.27,88000,45.60,25000,12.95,10000,5.18,2134.76,2683.69,762.41,304.97,5885.83),(168,1,13,3,202500,80000,39.51,122500,60.49,0,0.00,0,0.00,2439.72,3735.82,0.00,0.00,6175.54),(169,1,1,1,0,0,0.00,0,0.00,0,0.00,0,0.00,0.00,0.00,0.00,0.00,0.00),(170,1,1,2,0,0,0.00,0,0.00,0,0.00,0,0.00,0.00,0.00,0.00,0.00,0.00),(171,1,1,3,0,0,0.00,0,0.00,0,0.00,0,0.00,0.00,0.00,0.00,0.00,0.00),(208,7,15,1,600000,222000,37.00,303000,50.50,75000,12.50,0,0.00,6770.22,9240.44,2287.24,0.00,18297.90),(209,7,15,2,400000,140000,35.00,165000,41.25,80000,20.00,15000,3.75,4269.51,5031.92,2439.72,457.45,12198.60),(210,7,15,3,700000,208000,29.71,492000,70.29,0,0.00,0,0.00,6343.27,15004.28,0.00,0.00,21347.56),(229,7,16,1,680000,238000,35.00,322000,47.35,120000,17.65,0,0.00,7258.17,9819.88,3659.58,0.00,20737.63),(230,7,16,2,420000,145000,34.52,170000,40.48,88000,20.95,17000,4.05,4421.99,5184.41,2683.69,518.44,12808.53),(231,7,16,3,750000,242000,32.27,508000,67.73,0,0.00,0,0.00,7380.15,15492.23,0.00,0.00,22872.38),(250,7,17,1,700000,245000,35.00,330000,47.14,125000,17.86,0,0.00,7471.64,10063.85,3812.06,0.00,21347.56),(251,7,17,2,510000,158000,30.98,237000,46.47,96000,18.82,19000,3.73,4818.45,7227.67,2927.66,579.43,15553.22),(252,7,17,3,824000,265000,32.16,559000,67.84,0,0.00,0,0.00,8081.57,17047.55,0.00,0.00,25129.12),(268,6,18,1,145000,55000,37.93,75000,51.72,15000,10.34,0,0.00,1677.31,2287.24,457.45,0.00,4421.99),(269,6,18,2,366500,157000,42.84,183000,49.93,21500,5.87,5000,1.36,4787.95,5580.86,655.67,152.48,11176.97),(270,6,18,3,283000,123000,43.46,160000,56.54,0,0.00,0,0.00,3751.07,4879.44,0.00,0.00,8630.51),(286,6,19,1,194000,79000,40.72,95000,48.97,20000,10.31,0,0.00,2409.22,2897.17,609.93,0.00,5916.32),(287,6,19,2,437000,193000,44.16,213000,48.74,24000,5.49,7000,1.60,5885.83,6495.76,731.92,213.48,13326.97),(288,6,19,3,343700,154000,44.81,189700,55.19,0,0.00,0,0.00,4696.46,5785.19,0.00,0.00,10481.65),(310,6,20,1,213000,88000,41.31,104000,48.83,21000,9.86,0,0.00,2683.69,3171.64,640.43,0.00,6495.76),(311,6,20,2,465000,209000,44.95,222000,47.74,26000,5.59,8000,1.72,6373.77,6770.22,792.91,243.97,14180.88),(312,6,20,3,367200,167000,45.48,200200,54.52,0,0.00,0,0.00,5092.92,6105.40,0.00,0.00,11198.32),(316,1,9,1,120000,50000,41.67,60000,50.00,10000,8.33,0,0.00,1524.83,1829.79,304.97,0.00,3659.58),(317,1,9,2,120000,40000,33.33,60000,50.00,15000,12.50,5000,4.17,1219.86,1829.79,457.45,152.48,3659.58),(318,1,9,3,152000,50000,32.89,102000,67.11,0,0.00,0,0.00,1524.83,3110.64,0.00,0.00,4635.47),(319,1,11,1,130000,54000,41.54,64000,49.23,12000,9.23,0,0.00,1646.81,1951.78,365.96,0.00,3964.55),(320,1,11,2,155000,53000,34.19,75000,48.39,20000,12.90,7000,4.52,1616.31,2287.24,609.93,213.48,4726.96),(321,1,11,3,181000,73000,40.33,108000,59.67,0,0.00,0,0.00,2226.25,3293.62,0.00,0.00,5519.87),(340,4,21,1,108000,45000,41.67,55000,50.93,8000,7.41,0,0.00,1372.34,1677.31,243.97,0.00,3293.62),(341,4,21,2,120650,40000,33.15,60000,49.73,13000,10.77,7650,6.34,1219.86,1829.79,396.45,233.30,3679.40),(342,4,21,3,132200,51200,38.73,81000,61.27,0,0.00,0,0.00,1561.42,2470.22,0.00,0.00,4031.64),(361,4,22,1,140000,55000,39.29,73000,52.14,12000,8.57,0,0.00,1677.31,2226.25,365.96,0.00,4269.51),(362,4,22,2,155350,53000,34.12,73000,46.99,20000,12.87,9350,6.02,1616.31,2226.25,609.93,285.14,4737.63),(363,4,22,3,164900,67700,41.06,97200,58.94,0,0.00,0,0.00,2064.61,2964.26,0.00,0.00,5028.87),(382,4,23,1,147000,57000,38.78,77000,52.38,13000,8.84,0,0.00,1738.30,2348.23,396.45,0.00,4482.99),(383,4,23,2,193450,70000,36.19,86000,44.46,25000,12.92,12450,6.44,2134.76,2622.70,762.41,379.68,5899.55),(384,4,23,3,188000,80000,42.55,108000,57.45,0,0.00,0,0.00,2439.72,3293.62,0.00,0.00,5733.34),(406,5,24,1,90000,35000,38.89,50000,55.56,5000,5.56,0,0.00,1067.38,1524.83,152.48,0.00,2744.69),(407,5,24,2,60000,24000,40.00,30000,50.00,3000,5.00,3000,5.00,731.92,914.90,91.49,91.49,1829.79),(408,5,24,3,98000,39000,39.80,59000,60.20,0,0.00,0,0.00,1189.36,1799.29,0.00,0.00,2988.66),(427,5,25,1,100000,39000,39.00,55000,55.00,6000,6.00,0,0.00,1189.36,1677.31,182.98,0.00,3049.65),(428,5,25,2,66000,28000,42.42,29000,43.94,4000,6.06,5000,7.58,853.90,884.40,121.99,152.48,2012.77),(429,5,25,3,105000,42000,40.00,63000,60.00,0,0.00,0,0.00,1280.85,1921.28,0.00,0.00,3202.13),(448,5,26,1,103000,40000,38.83,56000,54.37,7000,6.80,0,0.00,1219.86,1707.80,213.48,0.00,3141.14),(449,5,26,2,73500,29000,39.46,32000,43.54,5500,7.48,7000,9.52,884.40,975.89,167.73,213.48,2241.49),(450,5,26,3,110900,45900,41.39,65000,58.61,0,0.00,0,0.00,1399.79,1982.27,0.00,0.00,3382.06),(469,8,27,1,16000,5000,31.25,7000,43.75,4000,25.00,0,0.00,152.48,213.48,121.99,0.00,487.94),(470,8,27,2,38700,14500,37.47,16500,42.64,3700,9.56,4000,10.34,442.20,503.19,112.84,121.99,1180.21),(471,8,27,3,28300,9000,31.80,19300,68.20,0,0.00,0,0.00,274.47,588.58,0.00,0.00,863.05),(493,8,28,1,19300,6300,32.64,8600,44.56,4400,22.80,0,0.00,192.13,262.27,134.18,0.00,588.58),(494,8,28,2,48700,18000,36.96,21000,43.12,4900,10.06,4800,9.86,548.94,640.43,149.43,146.38,1485.18),(495,8,28,3,34400,12400,36.05,22000,63.95,0,0.00,0,0.00,378.16,670.92,0.00,0.00,1049.08),(514,8,29,1,21000,7000,33.33,9000,42.86,5000,23.81,0,0.00,213.48,274.47,152.48,0.00,640.43),(515,8,29,2,52000,20000,38.46,21800,41.92,5200,10.00,5000,9.62,609.93,664.82,158.58,152.48,1585.82),(516,8,29,3,36800,14400,39.13,22400,60.87,0,0.00,0,0.00,439.15,683.12,0.00,0.00,1122.27);
/*!40000 ALTER TABLE `pu_service_distribution` ENABLE KEYS */;
UNLOCK TABLES;

--
-- Table structure for table `service`
--

DROP TABLE IF EXISTS `service`;
/*!40101 SET @saved_cs_client     = @@character_set_client */;
/*!40101 SET character_set_client = utf8 */;
CREATE TABLE `service` (
  `id` int(11) NOT NULL AUTO_INCREMENT,
  `name` varchar(100) DEFAULT NULL,
  PRIMARY KEY (`id`)
) ENGINE=InnoDB AUTO_INCREMENT=4 DEFAULT CHARSET=utf8;
/*!40101 SET character_set_client = @saved_cs_client */;

--
-- Dumping data for table `service`
--

LOCK TABLES `service` WRITE;
/*!40000 ALTER TABLE `service` DISABLE KEYS */;
INSERT INTO `service` VALUES (1,'Shares'),(2,'Savings'),(3,'Loans');
/*!40000 ALTER TABLE `service` ENABLE KEYS */;
UNLOCK TABLES;

--
-- Table structure for table `unlock_request`
--

DROP TABLE IF EXISTS `unlock_request`;
/*!40101 SET @saved_cs_client     = @@character_set_client */;
/*!40101 SET character_set_client = utf8 */;
CREATE TABLE `unlock_request` (
  `id` int(11) NOT NULL AUTO_INCREMENT,
  `pu_datasheet_id` int(11) DEFAULT NULL,
  `pu_profile_id` int(11) DEFAULT NULL,
  `cdate` date DEFAULT NULL,
  `comment` text,
  `federation_id` int(11) DEFAULT NULL,
  `unlock_date` datetime DEFAULT NULL,
  `primary_union_id` int(11) DEFAULT NULL,
  PRIMARY KEY (`id`)
) ENGINE=InnoDB AUTO_INCREMENT=4 DEFAULT CHARSET=utf8;
/*!40101 SET character_set_client = @saved_cs_client */;

--
-- Dumping data for table `unlock_request`
--

LOCK TABLES `unlock_request` WRITE;
/*!40000 ALTER TABLE `unlock_request` DISABLE KEYS */;
INSERT INTO `unlock_request` VALUES (1,11,NULL,'2014-11-04','editing',1,'2014-11-13 15:04:35',1),(2,9,NULL,'2014-11-04','editing',1,'2014-11-13 15:04:37',1),(3,1,NULL,'2014-11-09','test',1,NULL,1);
/*!40000 ALTER TABLE `unlock_request` ENABLE KEYS */;
UNLOCK TABLES;

--
-- Table structure for table `user`
--

DROP TABLE IF EXISTS `user`;
/*!40101 SET @saved_cs_client     = @@character_set_client */;
/*!40101 SET character_set_client = utf8 */;
CREATE TABLE `user` (
  `id` int(11) NOT NULL AUTO_INCREMENT,
  `email` varchar(45) DEFAULT NULL,
  `password` varchar(45) DEFAULT NULL,
  `level` int(11) DEFAULT NULL,
  `status` int(11) DEFAULT NULL,
  `lastlogin` datetime DEFAULT NULL,
  `federation_id` int(11) NOT NULL,
  `primary_union_id` int(11) NOT NULL DEFAULT '0',
  `country_id` int(11) DEFAULT '0',
  PRIMARY KEY (`id`)
) ENGINE=InnoDB AUTO_INCREMENT=44 DEFAULT CHARSET=latin1;
/*!40101 SET character_set_client = @saved_cs_client */;

--
-- Dumping data for table `user`
--

LOCK TABLES `user` WRITE;
/*!40000 ALTER TABLE `user` DISABLE KEYS */;
INSERT INTO `user` VALUES (1,'admin@aaccu.coop','*4ACFE3202A5FF5CF467898FC58AAB1D615029441',0,1,'2014-11-17 15:01:48',0,0,0),(2,'fsct@aaccu.coop','*D41381335C614615CCB6F68D12CE00E9309AF666',1,1,'2014-11-16 11:32:04',1,0,1),(3,'farmers@aaccu.coop','*21C69224FD52649343758BC0F110775F5066D101',2,1,'2014-11-17 14:14:39',1,1,1),(4,'cult@aaccu.coop','*75A29E56315D1C906E7D08683551B78866A31391',1,1,'2014-11-16 11:39:06',2,0,1),(5,'pfcco@aaccu.coop','*971B99292A8F57A70D8F42D06A8BB56791F51C93',1,1,NULL,5,0,7),(6,'cculb@aaccu.coop','*B4169279D86413B7B858969AF590FC34DA16D61C',1,1,NULL,3,0,4),(7,'natcco@aaccu.coop','*59848E5ED131AA9D5565F4C979B57C1EDD3F54F0',1,1,NULL,6,0,7),(8,'stpeter@aaccu.coop','*79153D173D5E8C96C72B444051342A5C66C94E76',2,1,'2014-06-25 05:05:27',1,2,1),(9,'kusacco@aaccu.coop','*5032F503127C24A8E18052869EB7E0152BFAAD49',2,1,'2014-11-04 12:17:21',1,3,1),(10,'sktcu@aaccu.coop','*D3A0C3F7CB10434B0928742402B079D464BBD4AD',2,1,'2014-11-16 11:18:53',2,4,1),(11,'pkpscu@aaccu.coop','*19B7B73B0CEC25E7D565318DC909425FD9287F17',2,1,'2014-11-16 11:18:04',2,5,1),(12,'ratancosta.cculb@gmail.com','*B4169279D86413B7B858969AF590FC34DA16D61C',1,1,'2014-09-15 02:48:13',3,0,4),(13,'kanishkasukesh@yahoo.co.in','*C360E904666256598516F41627AC38061B21D70C',1,1,NULL,8,0,5),(14,'puspobasile@yahoo.com','*2D0CAA06767B05CD2B428B19F4F30911ECB13472',1,1,NULL,4,0,6),(15,'nacufok@cu.co.kr','*804D7724CF0783FBF5973BF6FAEE27509F12EB7A',1,1,NULL,10,0,9),(16,'bishnupathak14@gmail.com','*74223C3AD6D6A38F727FF88E5D1ECDD3303385E3',1,1,'2014-09-14 09:50:04',11,0,10),(17,'kapanglaw@gmail.com','*59848E5ED131AA9D5565F4C979B57C1EDD3F54F0',1,1,NULL,6,0,7),(18,'esdelacerna@gmail.com','*971B99292A8F57A70D8F42D06A8BB56791F51C93',1,1,NULL,5,0,7),(19,'sanasafe@sltnet.lk','*C0C9EFAEC5B5DA766EEBD8AD92CEC9A46C71A66D',1,1,NULL,12,0,11),(20,'geoff@culroc.org.tw','*D834871057C6B9B8B622C1C649B922A6D4B39571',1,1,NULL,13,0,12),(21,'dabchai@cultthai.coop','*75A29E56315D1C906E7D08683551B78866A31391',1,1,NULL,2,0,1),(22,'anan@fsct.com','*D41381335C614615CCB6F68D12CE00E9309AF666',1,1,NULL,1,0,1),(23,'nguyenthactam@gmail.com','*4EA9F5B65F800679D5DC9AB7EC7F4C5F3F3F46F2',1,1,NULL,14,0,13),(24,'ccsf@online.com.kh','*BB44E75326A45FC33F15BE28B6371EB068605C3C',1,1,NULL,15,0,14),(25,'yclee@culhk.org','*A2063AB4648C4DBF682AE9B68664714B9465BC5A',1,1,NULL,16,0,16),(26,'dpgroup@bsnl.in','*E74527DB06D01E6ACC2C7DCFD2CC9F7A6F556CD8',1,1,NULL,17,0,8),(27,'kenji_kashima@ho.rokinbank.or.jp','*EF364A5A7E73AA52C7A378BCB3D887F876D8A7CA',1,1,NULL,18,0,17),(28,'vpmpcs@intnet.mu','*8A9EC4CA366A3E1E97F5005EDA55E69D98A196FC',1,1,NULL,19,0,18),(29,'moccu@moccu.mn','*E33D4BAE179E4E8987C1669C42BAA5F929A11B7C',1,1,NULL,20,0,19),(30,'aris.alip@cardbankph.com','*F5DCF9341B3C3A6959E700D763216C9AB8DE8403',1,1,NULL,21,0,7),(31,'plaveil@fesalos.org.pg','*AB592240390DACE11C019411C7B6D6E8F86C543D',1,1,NULL,22,0,20),(32,'ekaterina.kpk1dv@mail.ru','*071BE0BF081EBA40BA01FFBF266043CA42373A44',1,1,NULL,23,0,21),(33,'dollygoh@sncf.org.sg','*DB32C77F5A861CACB794CE261FA457521791E47E',1,1,NULL,24,0,22),(34,'saha@sahalife.co.th','*706009DA985EA3BB7ED9A5196DBFC4756EC06F49',1,1,NULL,25,0,1),(35,'ccscencoop@gmail.com','*656FB319BA3B5F7DABAE685C46291FF326179262',1,1,NULL,26,0,23),(36,'m.annamalai103@gmail.com','*21CB8FE09EFD320489C9C51442C076E260BA0296',1,1,NULL,27,0,24),(37,'sultanali.mithwani@aku.edu','*61CD973605D98757923E5CE22C1707136391B431',1,1,NULL,28,0,25),(38,'ferreira.elizario@yahoo.com','*460BA45F2464BB38C9A2690FE393D24D5D547340',1,1,NULL,29,0,26),(39,'badri@coopbank.com.np','*81D1B73397601DDB46B7E7D8024642521B70771C',1,1,NULL,30,0,10),(40,'vijian@hotmail.com','*8D8EC7A422193326D11B45264E3DE94256B12E3C',1,1,NULL,31,0,24),(41,'policehospital@aaccu.coop','*0866C445D4544A50991EB6A476AFBC1C43F6AA12',2,1,'2014-11-14 05:41:30',1,6,1),(42,'airforce@aaccu.coop','*87BA4A19B21C27C194EEB93F8C3AE565A965E95A',2,1,'2014-11-13 11:54:31',1,7,1),(43,'testcu@aaccu.coop','*6E0F47D5A58163677FFA7E5A57466540B632E74C',2,1,'2014-11-16 11:22:37',2,8,1);
/*!40000 ALTER TABLE `user` ENABLE KEYS */;
UNLOCK TABLES;
/*!40103 SET TIME_ZONE=@OLD_TIME_ZONE */;

/*!40101 SET SQL_MODE=@OLD_SQL_MODE */;
/*!40014 SET FOREIGN_KEY_CHECKS=@OLD_FOREIGN_KEY_CHECKS */;
/*!40014 SET UNIQUE_CHECKS=@OLD_UNIQUE_CHECKS */;
/*!40101 SET CHARACTER_SET_CLIENT=@OLD_CHARACTER_SET_CLIENT */;
/*!40101 SET CHARACTER_SET_RESULTS=@OLD_CHARACTER_SET_RESULTS */;
/*!40101 SET COLLATION_CONNECTION=@OLD_COLLATION_CONNECTION */;
/*!40111 SET SQL_NOTES=@OLD_SQL_NOTES */;

-- Dump completed on 2014-11-17 15:12:41
